,Unnamed: 0,DEPTH,DEN,GR,PHIE_D,PHIT_D,VP,VS,VSH_GR
0,3880,1785.0,2.1087,25.89573,0.319235,0.3383125,2.81773,1.51956,0.1220962
1,3881,1785.125,2.10778,26.075879999999998,0.3195575,0.3388875,2.8113799999999998,1.5154,0.12371199999999999
2,3882,1785.25,2.10685,26.25603,0.3198855,0.3394688,2.80505,1.51128,0.1253336
3,3883,1785.375,2.1071,25.26505,0.3211118,0.3393125,2.8824099999999997,1.51325,0.1164846
4,3884,1785.5,2.11367,24.64547,0.31785630000000004,0.3352062,2.88605,1.5117200000000002,0.1110395
5,3885,1785.625,2.11329,22.67667,0.320729,0.3354437,2.90025,1.51089,0.09417412
6,3886,1785.75,2.11499,24.57832,0.31712290000000004,0.3343813,2.8928,1.51084,0.1104534
7,3887,1785.875,2.11668,26.47997,0.3134255,0.3333251,2.8854,1.5108,0.1273575
8,3888,1786.0,2.1186700000000003,25.63364,0.3133695,0.3320813,2.86522,1.49844,0.1197557
9,3889,1786.125,2.12489,23.98151,0.311744,0.3281937,2.8766,1.48957,0.10527819999999999
10,3890,1786.25,2.12989,25.00716,0.30722350000000004,0.3250688,2.8953,1.4728,0.11420999999999999
11,3891,1786.375,2.12688,23.51399,0.3111272,0.32695009999999997,2.88993,1.47745,0.10126660000000001
12,3892,1786.5,2.1252400000000002,23.76675,0.31181390000000003,0.327975,2.88436,1.4855399999999999,0.1034308
13,3893,1786.625,2.12359,24.01952,0.3125054,0.32900630000000003,2.8788099999999996,1.49373,0.10560599999999999
14,3894,1786.75,2.11631,26.43695,0.3137176,0.33355640000000003,2.8757900000000003,1.49145,0.126968
15,3895,1786.875,2.1130299999999997,26.58551,0.31555720000000004,0.3356063,2.8853,1.47595,0.1283144
16,3896,1787.0,2.10908,26.43174,0.31824359999999996,0.338075,2.94616,1.47179,0.12692089999999998
17,3897,1787.125,2.11978,26.39293,0.311611,0.3313875,2.93932,1.4787700000000001,0.1265698
18,3898,1787.25,2.13047,26.35412,0.3049845,0.3247063,2.9325099999999997,1.48581,0.126219
19,3899,1787.375,2.13686,26.38471,0.30094770000000004,0.32071259999999996,2.9213299999999998,1.4991700000000001,0.12649549999999998
20,3900,1787.5,2.13455,25.57572,0.303525,0.3221562,2.91508,1.51177,0.1192401
21,3901,1787.625,2.12062,25.36567,0.3125226,0.3308625,2.91788,1.53355,0.1173752
22,3902,1787.75,2.1257,25.58865,0.3090383,0.3276875,2.8730599999999997,1.5367600000000001,0.11935510000000002
23,3903,1787.875,2.12927,26.022489999999998,0.3062012,0.3254562,2.8618,1.5399100000000001,0.12323250000000001
24,3904,1788.0,2.1328400000000003,26.456329999999998,0.30335890000000004,0.3232251,2.8506299999999998,1.5430700000000002,0.1271434
25,3905,1788.125,2.1452,25.719260000000002,0.2966689,0.3155,2.8325099999999996,1.5502799999999999,0.12051889999999998
26,3906,1788.25,2.1489,25.66914,0.2944263,0.3131875,2.80651,1.5528600000000001,0.120072
27,3907,1788.375,2.14589,27.69499,0.29342870000000004,0.31506880000000004,2.82415,1.55017,0.1384961
28,3908,1788.5,2.1442099999999997,25.84466,0.29711259999999995,0.3161187,2.82016,1.54752,0.1216392
29,3909,1788.625,2.14252,23.994320000000002,0.3007081,0.3171751,2.81618,1.54487,0.1053886
30,3910,1788.75,2.13807,24.85199,0.3023238,0.31995619999999997,2.82131,1.5365,0.1128471
31,3911,1788.875,2.1265099999999997,24.927770000000002,0.3094451,0.3271813,2.82757,1.53035,0.11351220000000001
32,3912,1789.0,2.12253,25.520670000000003,0.311114,0.3296688,2.81786,1.52814,0.11875060000000001
33,3913,1789.125,2.12479,25.23719,0.3100941,0.3282563,2.8460400000000003,1.52036,0.1162383
34,3914,1789.25,2.12486,25.59712,0.3095515,0.3282125,2.84785,1.51729,0.11943050000000001
35,3915,1789.375,2.12494,25.95705,0.30899920000000003,0.32816259999999997,2.84965,1.51424,0.12264549999999999
36,3916,1789.5,2.1261400000000004,25.97041,0.3082304,0.3274125,2.8451,1.51015,0.12276530000000001
37,3917,1789.625,2.1177599999999996,28.0715,0.3104622,0.33265009999999995,2.87054,1.50377,0.1420025
38,3918,1789.75,2.1142,25.9073,0.3157812,0.334875,2.8693299999999997,1.52883,0.12219980000000001
39,3919,1789.875,2.1117,26.446540000000002,0.3165852,0.3364375,2.8690599999999997,1.51757,0.1270548
40,3920,1790.0,2.1092,26.98579,0.31738099999999997,0.33799999999999997,2.86879,1.50647,0.131962
41,3921,1790.125,2.1065,26.33372,0.3199947,0.3396876,2.86289,1.49994,0.1260347
42,3922,1790.25,2.1104700000000003,25.087220000000002,0.3192508,0.3372062,2.85661,1.50043,0.11491489999999999
43,3923,1790.375,2.1137200000000003,24.21096,0.3184156,0.33517509999999995,2.8559200000000002,1.49146,0.1072606
44,3924,1790.5,2.12213,27.172359999999998,0.30903259999999994,0.3299188,2.86441,1.49451,0.1336721
45,3925,1790.625,2.1253599999999997,27.11338,0.3070983,0.3279,2.86845,1.49902,0.1331308
46,3926,1790.75,2.12858,27.05439,0.3051703,0.3258875,2.8725,1.50356,0.13259010000000002
47,3927,1790.875,2.12982,25.96864,0.3059328,0.3251125,2.87568,1.5052299999999998,0.1227494
48,3928,1791.0,2.12806,23.9554,0.3097979,0.3262125,2.8841799999999997,1.50715,0.1050532
49,3929,1791.125,2.12383,26.33833,0.30915679999999995,0.3288562,2.8852599999999997,1.50546,0.12607639999999998
50,3930,1791.25,2.11267,24.61814,0.3185187,0.3358313,2.89039,1.50675,0.11080090000000001
51,3931,1791.375,2.11306,24.790570000000002,0.3180393,0.3355875,2.89664,1.5057200000000002,0.1123087
52,3932,1791.5,2.11345,24.963,0.3175591,0.33534369999999997,2.90292,1.50468,0.11382169999999998
53,3933,1791.625,2.11402,25.69126,0.3161954,0.3349875,2.9087,1.5086600000000001,0.1202692
54,3934,1791.75,2.12133,26.466659999999997,0.31053800000000004,0.3304188,2.89817,1.51458,0.127237
55,3935,1791.875,2.12398,23.79853,0.31255879999999997,0.3287625,2.89188,1.51413,0.10370370000000001
56,3936,1792.0,2.12331,24.71561,0.3117355,0.3291812,2.88976,1.51396,0.1116526
57,3937,1792.125,2.12263,25.6327,0.3108958,0.3296064,2.88765,1.51379,0.1197473
58,3938,1792.25,2.10787,25.4719,0.32034409999999996,0.3388312,2.88715,1.5067700000000002,0.1183174
59,3939,1792.375,2.1062,27.475690000000004,0.31855229999999995,0.339875,2.89058,1.50004,0.1364658
60,3940,1792.5,2.10815,24.00495,0.322175,0.3386563,2.88922,1.496,0.10548030000000001
61,3941,1792.625,2.12487,24.70255,0.3107784,0.3282062,2.90443,1.5004,0.1115384
62,3942,1792.75,2.12795,24.92516,0.3085486,0.3262813,2.90793,1.50088,0.1134893
63,3943,1792.875,2.13103,25.14776,0.3063174,0.3243562,2.9114400000000002,1.50136,0.1154487
64,3944,1793.0,2.13116,27.08049,0.3035204,0.324275,2.90793,1.50157,0.1328292
65,3945,1793.125,2.12474,24.17628,0.311575,0.32828759999999996,2.9245900000000002,1.46621,0.10696040000000001
66,3946,1793.25,2.12528,26.59323,0.30789,0.32795009999999997,2.94204,1.49358,0.1283845
67,3947,1793.375,2.1252,25.622339999999998,0.3093039,0.32799999999999996,2.9424799999999998,1.50511,0.119655
68,3948,1793.5,2.12511,24.65144,0.3106983,0.3280563,2.94291,1.51681,0.11109169999999999
69,3949,1793.625,2.1158200000000003,25.51472,0.3153161,0.33386259999999995,2.92484,1.52044,0.11869769999999999
70,3950,1793.75,2.11325,25.68131,0.3166906,0.3354688,2.9054599999999997,1.51739,0.12018050000000001
71,3951,1793.875,2.11532,25.36182,0.3158405,0.33417509999999995,2.93267,1.51415,0.1173411
72,3952,1794.0,2.121,24.29739,0.3137485,0.330625,2.96449,1.52021,0.1080097
73,3953,1794.125,2.12129,25.383689999999998,0.312079,0.3304438,2.98122,1.53204,0.1175348
74,3954,1794.25,2.1215900000000003,26.47,0.3103708,0.3302563,2.9981299999999997,1.54406,0.1272672
75,3955,1794.375,2.1257099999999998,25.87642,0.3086308,0.3276813,2.9889099999999997,1.5631700000000002,0.1219233
76,3956,1794.5,2.1217599999999996,25.16294,0.3120903,0.3301501,2.9647799999999997,1.5604200000000001,0.11558260000000001
77,3957,1794.625,2.12339,26.19926,0.30962790000000007,0.3291313,2.96394,1.55085,0.124822
78,3958,1794.75,2.1261099999999997,25.88054,0.3083749,0.3274312,2.97591,1.54914,0.12196019999999999
79,3959,1794.875,2.1288400000000003,25.56182,0.30711309999999997,0.325725,2.98798,1.54744,0.1191164
80,3960,1795.0,2.1343,26.62715,0.3022043,0.3223125,3.0016599999999998,1.55691,0.1286925
81,3961,1795.125,2.13789,24.535320000000002,0.302869,0.3200687,3.00427,1.55599,0.11007850000000001
82,3962,1795.25,2.13998,24.76701,0.30124650000000003,0.3187625,3.00251,1.55851,0.11210239999999999
83,3963,1795.375,2.14042,25.62378,0.2997895,0.3184876,2.9921900000000003,1.5509700000000002,0.1196678
84,3964,1795.5,2.13708,25.20925,0.30245140000000004,0.3205751,2.99043,1.5483,0.1159914
85,3965,1795.625,2.13373,24.794710000000002,0.3051149,0.32266880000000003,2.98867,1.54564,0.112345
86,3966,1795.75,2.13443,26.38216,0.30246999999999996,0.3222313,2.98411,1.54382,0.12647239999999998
87,3967,1795.875,2.13521,26.85424,0.3013125,0.3217438,2.97055,1.5533,0.13076010000000002
88,3968,1796.0,2.1301200000000002,27.31683,0.30383119999999997,0.324925,2.9870799999999997,1.55575,0.1350006
89,3969,1796.125,2.12597,28.25403,0.3050639,0.32751890000000006,2.99534,1.55795,0.1437119
90,3970,1796.25,2.1255900000000003,26.22516,0.3082163,0.3277562,2.995,1.55772,0.12505539999999998
91,3971,1796.375,2.12521,24.196279999999998,0.3112541,0.3279938,2.9946599999999997,1.55748,0.1071335
92,3972,1796.5,2.12322,25.96481,0.3100633,0.32923759999999996,2.99812,1.55634,0.12271510000000001
93,3973,1796.625,2.1257099999999998,27.57757,0.30621129999999996,0.3276813,2.9961900000000004,1.55288,0.137408
94,3974,1796.75,2.1353400000000002,24.710539999999998,0.3042237,0.3216625,2.998,1.55655,0.11160830000000001
95,3975,1796.875,2.13288,24.03136,0.30668320000000004,0.3232,3.0034099999999997,1.55746,0.10570810000000001
96,3976,1797.0,2.13041,23.35218,0.3091365,0.3247438,3.00884,1.55836,0.09988683
97,3977,1797.125,2.12469,26.796940000000003,0.3079691,0.32831869999999996,3.01233,1.5585200000000001,0.1302375
98,3978,1797.25,2.11908,24.25263,0.3150091,0.331825,3.00822,1.55221,0.10762160000000001
99,3979,1797.375,2.11488,24.75617,0.3169488,0.33445,3.0059400000000003,1.54982,0.11200750000000001
100,3980,1797.5,2.11525,24.96516,0.31643109999999997,0.3342187,2.99985,1.54566,0.11384069999999999
101,3981,1797.625,2.11409,25.10262,0.3169671,0.3349438,2.9977400000000003,1.54233,0.1150506
102,3982,1797.75,2.11294,25.24008,0.31749629999999995,0.3356625,2.9956400000000003,1.53902,0.11626379999999999
103,3983,1797.875,2.11237,26.32674,0.3163357,0.3360188,2.99835,1.5234299999999998,0.1259717
104,3984,1798.0,2.1086099999999997,25.461270000000003,0.31989650000000003,0.3383688,2.99968,1.5284799999999998,0.11822300000000001
105,3985,1798.125,2.11501,26.968770000000003,0.313774,0.3343688,2.99891,1.53502,0.1318063
106,3986,1798.25,2.11584,27.02773,0.313171,0.3338501,2.9990900000000003,1.53782,0.1323459
107,3987,1798.375,2.11667,27.08669,0.3125679,0.3333313,2.9992799999999997,1.54062,0.1328861
108,3988,1798.5,2.12204,26.664040000000004,0.30981440000000005,0.329975,2.99969,1.55149,0.1290278
109,3989,1798.625,2.12784,26.385140000000003,0.3065845,0.32635,3.00413,1.5498299999999998,0.12649939999999998
110,3990,1798.75,2.12653,26.48034,0.3072687,0.32716880000000004,3.00033,1.5562200000000002,0.1273608
111,3991,1798.875,2.1329700000000003,26.55265,0.3031412,0.3231437,3.00834,1.5540399999999999,0.1280163
112,3992,1799.0,2.13482,26.90744,0.3014804,0.3219875,3.0131799999999997,1.55261,0.1312458
113,3993,1799.125,2.13666,27.26223,0.29982220000000004,0.3208375,3.01804,1.55118,0.1344981
114,3994,1799.25,2.1374299999999997,26.02468,0.3010982,0.3203563,3.02648,1.54738,0.12325219999999999
115,3995,1799.375,2.12888,26.6717,0.3055286,0.3257,3.02694,1.55208,0.1290974
116,3996,1799.5,2.12132,26.307940000000002,0.3107685,0.330425,3.02618,1.55411,0.125802
117,3997,1799.625,2.12035,26.34256,0.3113259,0.33103140000000003,3.02867,1.55351,0.1261146
118,3998,1799.75,2.11938,26.37718,0.3118832,0.3316375,3.03116,1.55291,0.1264274
119,3999,1799.875,2.1242400000000004,26.52958,0.3086302,0.32860009999999995,3.03362,1.5548799999999998,0.1278071
120,4000,1800.0,2.12317,26.059910000000002,0.3099613,0.32926880000000003,3.03114,1.55284,0.1235685
121,4001,1800.125,2.12853,27.25211,0.30491799999999997,0.3259188,3.02733,1.54982,0.134405
122,4002,1800.25,2.12985,25.665329999999997,0.30633790000000005,0.3250938,3.02379,1.54972,0.120038
123,4003,1800.375,2.1320799999999998,25.86736,0.3046621,0.3237,3.02457,1.55237,0.1218422
124,4004,1800.5,2.13432,26.06939,0.30297909999999995,0.3223,3.02535,1.55502,0.1236537
125,4005,1800.625,2.13674,25.07659,0.3028467,0.3207875,3.03478,1.56125,0.1148213
126,4006,1800.75,2.14042,25.50239,0.2999582,0.3184876,3.02881,1.56734,0.1185881
127,4007,1800.875,2.1389299999999998,24.985229999999998,0.30160359999999997,0.3194187,3.0345400000000002,1.5688,0.1140172
128,4008,1801.0,2.13778,24.97441,0.30233730000000003,0.32013759999999997,3.03823,1.56595,0.11392200000000001
129,4009,1801.125,2.1366400000000003,24.96358,0.30306459999999996,0.32085,3.04193,1.56311,0.1138268
130,4010,1801.25,2.13742,27.617309999999996,0.29883509999999996,0.3203626,3.03839,1.56338,0.137776
131,4011,1801.375,2.13096,27.71909,0.30272509999999997,0.3244,3.0341400000000003,1.56069,0.13871979999999998
132,4012,1801.5,2.12982,26.61031,0.30502809999999997,0.3251125,3.02275,1.5626,0.1285396
133,4013,1801.625,2.1373900000000003,27.611909999999998,0.2988617,0.32038130000000004,3.02105,1.5639399999999999,0.1377259
134,4014,1801.75,2.13863,26.880209999999998,0.299138,0.3196063,3.02482,1.56151,0.1309971
135,4015,1801.875,2.13987,26.14852,0.2993993,0.3188313,3.0286,1.5590899999999999,0.12436520000000001
136,4016,1802.0,2.1387,28.258979999999998,0.2971003,0.3195625,3.05123,1.56174,0.14375829999999998
137,4017,1802.125,2.12827,27.006859999999996,0.3054321,0.3260813,3.05281,1.56354,0.1321549
138,4018,1802.25,2.12376,26.769940000000002,0.3085889,0.3289,3.04466,1.56285,0.1299915
139,4019,1802.375,2.1166400000000003,27.799540000000004,0.3115582,0.33335,3.0369099999999998,1.56587,0.1394672
140,4020,1802.5,2.11944,27.32755,0.3104907,0.3316,3.03131,1.56518,0.13509939999999998
141,4021,1802.625,2.12224,26.855559999999997,0.3094168,0.32985,3.02572,1.56449,0.1307721
142,4022,1802.75,2.12982,27.32433,0.3040078,0.3251125,3.02957,1.56371,0.13506970000000001
143,4023,1802.875,2.13364,25.71025,0.3039065,0.322725,3.04537,1.56154,0.12043859999999999
144,4024,1803.0,2.1358599999999996,26.68249,0.3011507,0.3213376,3.0627,1.56049,0.1291955
145,4025,1803.125,2.13565,26.75804,0.30117459999999996,0.3214688,3.0662,1.56197,0.1298831
146,4026,1803.25,2.13544,26.83359,0.30119809999999997,0.3216,3.0697,1.56346,0.13057169999999998
147,4027,1803.375,2.1379200000000003,27.340190000000003,0.2989226,0.32005009999999995,3.06699,1.56794,0.1352158
148,4028,1803.5,2.14925,29.08346,0.28928790000000004,0.3129688,3.05765,1.57454,0.15155739999999998
149,4029,1803.625,2.15702,27.398870000000002,0.2869005,0.3081125,3.05231,1.57515,0.1357567
150,4030,1803.75,2.15377,25.80412,0.29119429999999996,0.3101438,3.06144,1.57342,0.1212767
151,4031,1803.875,2.1473400000000002,27.058490000000003,0.2934394,0.3141625,3.06149,1.57325,0.1326276
152,4032,1804.0,2.14091,28.31287,0.29564009999999996,0.3181813,3.06155,1.57308,0.1442642
153,4033,1804.125,2.14121,29.41187,0.2938219,0.3179937,3.0785400000000003,1.57423,0.15469960000000002
154,4034,1804.25,2.1366400000000003,26.57025,0.3008225,0.32085,3.08897,1.57376,0.1281759
155,4035,1804.375,2.13846,28.783820000000002,0.29647690000000004,0.31971259999999996,3.1064599999999998,1.57659,0.1487082
156,4036,1804.5,2.1402799999999997,27.5379,0.29716240000000005,0.318575,3.1061099999999997,1.5767,0.1370409
157,4037,1804.625,2.1421,26.29198,0.2978034,0.3174375,3.10577,1.57681,0.1256579
158,4038,1804.75,2.14763,25.65038,0.2952462,0.3139813,3.08597,1.57774,0.1199048
159,4039,1804.875,2.15179,26.02974,0.29211609999999993,0.3113813,3.07334,1.58169,0.12329760000000001
160,4040,1805.0,2.15158,27.26545,0.29049250000000004,0.3115125,3.0750599999999997,1.5858700000000001,0.1345277
161,4041,1805.125,2.1453900000000004,24.7809,0.29784629999999995,0.31538130000000003,3.09134,1.6357,0.112224
162,4042,1805.25,2.14115,24.62554,0.3007086,0.3180313,3.10105,1.61707,0.11086549999999999
163,4043,1805.375,2.13691,24.47018,0.3035702,0.3206813,3.11082,1.59886,0.10951110000000001
164,4044,1805.5,2.13394,26.50277,0.30260570000000003,0.3225375,3.1128400000000003,1.61599,0.1275641
165,4045,1805.625,2.14018,27.283820000000002,0.29759109999999994,0.3186375,3.1161,1.6078299999999999,0.1346967
166,4046,1805.75,2.14755,25.26681,0.2958281,0.3140312,3.11788,1.6048,0.1165001
167,4047,1805.875,2.1491700000000002,25.3302,0.29472800000000005,0.3130188,3.11306,1.60131,0.11706099999999998
168,4048,1806.0,2.15079,25.39359,0.2936278,0.3120063,3.10825,1.5978299999999999,0.11762260000000001
169,4049,1806.125,2.1461,26.708759999999998,0.2947134,0.3149375,3.09837,1.59354,0.1294345
170,4050,1806.25,2.14483,26.899459999999998,0.2952355,0.3157313,3.0885599999999998,1.59296,0.1311729
171,4051,1806.375,2.14605,29.40033,0.2908143,0.3149688,3.08831,1.60069,0.1545888
172,4052,1806.5,2.1404799999999997,24.6691,0.3010678,0.31845,3.08048,1.60232,0.111246
173,4053,1806.625,2.13843,25.6659,0.3009745,0.3197312,3.0749299999999997,1.60588,0.1200431
174,4054,1806.75,2.13638,26.6627,0.3008539,0.3210126,3.0694,1.6094700000000002,0.1290156
175,4055,1806.875,2.14243,25.70041,0.29842640000000004,0.3172312,3.06235,1.61199,0.12035080000000001
176,4056,1807.0,2.14774,24.48998,0.29677459999999994,0.3139126,3.06657,1.59798,0.1096835
177,4057,1807.125,2.1525,27.05435,0.29022040000000005,0.3109376,3.08833,1.58971,0.1325897
178,4058,1807.25,2.1514599999999997,28.27672,0.2890993,0.31158759999999996,3.10668,1.61242,0.1439248
179,4059,1807.375,2.15862,27.28329,0.2860669,0.3071125,3.10535,1.6182,0.1346918
180,4060,1807.5,2.16578,26.28985,0.28300640000000005,0.3026375,3.10403,1.6240299999999999,0.1256387
181,4061,1807.625,2.1628700000000003,27.07716,0.28370650000000003,0.3044563,3.0956200000000003,1.62911,0.13279870000000002
182,4062,1807.75,2.15766,26.97547,0.28710820000000004,0.3077125,3.0967,1.62432,0.13186760000000003
183,4063,1807.875,2.15223,29.173640000000002,0.2872909,0.3111063,3.11038,1.61794,0.1524182
184,4064,1808.0,2.15378,27.897779999999997,0.28820290000000004,0.3101375,3.1162099999999997,1.61853,0.1403814
185,4065,1808.125,2.1553299999999997,26.621909999999996,0.289068,0.3091688,3.12206,1.6191200000000001,0.12864489999999998
186,4066,1808.25,2.15333,24.797710000000002,0.2928607,0.3104187,3.11527,1.62691,0.1123713
187,4067,1808.375,2.15708,26.08923,0.2887263,0.3080751,3.10509,1.63658,0.123832
188,4068,1808.5,2.153,24.62569,0.293302,0.310625,3.1055,1.63852,0.11086680000000002
189,4069,1808.625,2.14922,24.65843,0.2956199,0.3129875,3.10931,1.6311,0.1111528
190,4070,1808.75,2.14696,25.19901,0.2962905,0.3144,3.11009,1.6274,0.115901
191,4071,1808.875,2.1447,25.73959,0.29695309999999997,0.3158125,3.1108700000000002,1.62371,0.12070039999999999
192,4072,1809.0,2.1529599999999998,25.87395,0.29160290000000005,0.31065,3.1137900000000003,1.62389,0.1219012
193,4073,1809.125,2.1499099999999998,26.66635,0.29239240000000005,0.3125563,3.1289,1.6233799999999998,0.12904880000000002
194,4074,1809.25,2.1526400000000003,25.67427,0.2920816,0.31085,3.1322799999999997,1.62294,0.1201177
195,4075,1809.375,2.1522200000000002,26.467259999999996,0.2912309,0.3111125,3.13009,1.6146200000000002,0.1272424
196,4076,1809.5,2.15181,27.260240000000003,0.2903564,0.3113688,3.1279,1.60638,0.13447979999999998
197,4077,1809.625,2.15573,27.835279999999997,0.28707509999999997,0.3089188,3.10758,1.61816,0.1397996
198,4078,1809.75,2.15164,27.8042,0.2896765,0.31147509999999995,3.09121,1.6144100000000001,0.1395105
199,4079,1809.875,2.1478099999999998,25.16238,0.2958098,0.3138688,3.09077,1.60151,0.1155777
200,4080,1810.0,2.14931,26.30572,0.2932778,0.31293119999999996,3.10201,1.61855,0.1257819
201,4081,1810.125,2.1472,25.993879999999997,0.295035,0.31425,3.10787,1.61913,0.12297580000000001
202,4082,1810.25,2.14509,25.68204,0.2967895,0.3155687,3.11375,1.61971,0.12018699999999999
203,4083,1810.375,2.14748,26.635890000000003,0.29395440000000006,0.314075,3.12115,1.6255,0.1287719
204,4084,1810.5,2.14813,27.05818,0.2929462,0.3136688,3.13959,1.62215,0.1326248
205,4085,1810.625,2.15659,27.17265,0.2874946,0.3083813,3.14669,1.62659,0.1336747
206,4086,1810.75,2.15985,26.17783,0.2868706,0.30634390000000006,3.14975,1.62611,0.12462899999999999
207,4087,1810.875,2.16312,25.18301,0.2862126,0.3043,3.1528099999999997,1.62564,0.1157597
208,4088,1811.0,2.15557,26.96401,0.2884308,0.30901880000000004,3.15231,1.62545,0.13176279999999999
209,4089,1811.125,2.15328,25.58435,0.2918068,0.31045,3.15505,1.6275700000000002,0.11931689999999999
210,4090,1811.25,2.15235,25.80614,0.292079,0.3110313,3.1593400000000003,1.6389799999999999,0.12129480000000001
211,4091,1811.375,2.15702,26.01106,0.28887340000000006,0.3081125,3.16007,1.6414,0.12312999999999999
212,4092,1811.5,2.1606099999999997,26.226470000000003,0.28632709999999995,0.3058688,3.1541200000000003,1.6430099999999999,0.1250672
213,4093,1811.625,2.1642,26.44189,0.28377929999999996,0.303625,3.1482,1.64463,0.1270127
214,4094,1811.75,2.16069,25.10322,0.2878413,0.3058187,3.137,1.64189,0.1150559
215,4095,1811.875,2.1665799999999997,26.942059999999998,0.28158099999999997,0.30213759999999995,3.13377,1.63271,0.13156210000000002
216,4096,1812.0,2.15834,26.769920000000003,0.2869764,0.3072875,3.13416,1.62891,0.1299913
217,4097,1812.125,2.16162,26.54839,0.28524109999999997,0.3052376,3.12837,1.6283,0.1279776
218,4098,1812.25,2.16491,26.326859999999996,0.283498,0.3031812,3.1226,1.62768,0.1259728
219,4099,1812.375,2.15788,26.881709999999998,0.2871045,0.307575,3.11945,1.6248799999999999,0.13101079999999998
220,4100,1812.5,2.15387,26.328159999999997,0.2903961,0.3100812,3.13416,1.62599,0.1259845
221,4101,1812.625,2.15647,26.933909999999997,0.2879113,0.3084562,3.16302,1.62866,0.1314877
222,4102,1812.75,2.16723,25.54952,0.28313649999999996,0.30173130000000004,3.2086799999999998,1.63065,0.11900699999999999
223,4103,1812.875,2.17213,24.91836,0.2809454,0.2986687,3.21502,1.6327,0.1134295
224,4104,1813.0,2.17703,24.2872,0.2787435,0.2956062,3.22138,1.63477,0.1079213
225,4105,1813.125,2.17216,25.88985,0.2795808,0.2986501,3.21615,1.6685299999999998,0.1220435
226,4106,1813.25,2.17387,25.77046,0.2786787,0.2975812,3.19659,1.67737,0.120976
227,4107,1813.375,2.17409,25.74231,0.27858059999999996,0.29744380000000004,3.17098,1.69039,0.12072460000000002
228,4108,1813.5,2.17076,26.80756,0.27916040000000003,0.2995251,3.14678,1.67103,0.13033430000000001
229,4109,1813.625,2.16824,27.85635,0.2792257,0.3011,3.14446,1.6540700000000002,0.1399957
230,4110,1813.75,2.16572,28.90515,0.2792594,0.302675,3.14214,1.6374600000000001,0.1498599
231,4111,1813.875,2.16079,27.21175,0.2848135,0.30575630000000004,3.15413,1.62722,0.13403389999999998
232,4112,1814.0,2.15931,25.03485,0.2887978,0.3066812,3.16601,1.63129,0.1144537
233,4113,1814.125,2.1565,25.55078,0.2898409,0.3084375,3.1696299999999997,1.6407900000000002,0.1190182
234,4114,1814.25,2.1602200000000003,26.55075,0.2861127,0.30611259999999996,3.16222,1.6435799999999998,0.1279991
235,4115,1814.375,2.16393,27.550720000000002,0.28236259999999996,0.3037938,3.15484,1.6463700000000001,0.1371595
236,4116,1814.5,2.17312,28.06438,0.27587249999999996,0.29805,3.14968,1.6432799999999999,0.14193599999999998
237,4117,1814.625,2.18046,27.157690000000002,0.2725973,0.2934625,3.14994,1.63875,0.1335374
238,4118,1814.75,2.17496,27.46479,0.275593,0.2969001,3.16479,1.6352200000000001,0.1363652
239,4119,1814.875,2.1711,25.84593,0.2803047,0.2993126,3.17846,1.6376700000000002,0.12165050000000001
240,4120,1815.0,2.16998,26.916940000000004,0.27949179999999996,0.3000125,3.1821599999999997,1.6389599999999998,0.1313326
241,4121,1815.125,2.16885,27.98795,0.2786528,0.3007188,3.18586,1.64025,0.14122220000000002
242,4122,1815.25,2.16667,26.02326,0.2828251,0.3020812,3.20182,1.6486900000000002,0.1232395
243,4123,1815.375,2.16478,26.17059,0.2837995,0.3032626,3.2127,1.6593200000000001,0.12456379999999999
244,4124,1815.5,2.16447,25.51223,0.28491320000000003,0.3034563,3.2238700000000002,1.6737099999999998,0.1186756
245,4125,1815.625,2.16759,25.89322,0.28243229999999997,0.3015063,3.2282599999999997,1.67641,0.12207370000000001
246,4126,1815.75,2.1707,26.2742,0.27995349999999997,0.2995625,3.23265,1.6791200000000002,0.12549749999999998
247,4127,1815.875,2.1789099999999997,25.47939,0.27593379999999995,0.2944313,3.25294,1.6781400000000002,0.1183838
248,4128,1816.0,2.17407,26.520120000000002,0.2774999,0.2974564,3.2676,1.67845,0.1277213
249,4129,1816.125,2.16625,25.71085,0.2835244,0.3023438,3.26717,1.6886,0.12044389999999998
250,4130,1816.25,2.16617,25.96669,0.283217,0.30239390000000005,3.25275,1.69225,0.122732
251,4131,1816.375,2.16882,26.448079999999997,0.28088309999999994,0.3007376,3.24247,1.69628,0.12706869999999998
252,4132,1816.5,2.1714599999999997,26.929479999999998,0.278549,0.29908759999999995,3.23225,1.70033,0.13144720000000001
253,4133,1816.625,2.1726,26.87913,0.2779083,0.298375,3.23866,1.70125,0.1309873
254,4134,1816.75,2.17962,27.535390000000003,0.2725785,0.2939875,3.27218,1.6972599999999998,0.13701770000000002
255,4135,1816.875,2.18567,28.03847,0.2680667,0.29020630000000003,3.30786,1.69659,0.14169389999999998
256,4136,1817.0,2.18667,25.621760000000002,0.2708859,0.2895812,3.3219199999999995,1.6986400000000001,0.1196499
257,4137,1817.125,2.1876700000000002,23.20506,0.2735444,0.2889563,3.3361099999999997,1.70068,0.09863612
258,4138,1817.25,2.19349,24.92463,0.2675868,0.2853188,3.3391,1.7084,0.1134846
259,4139,1817.375,2.1985099999999997,27.82044,0.2603592,0.2821813,3.29832,1.7154900000000002,0.1396615
260,4140,1817.5,2.20241,26.1621,0.2602926,0.2797438,3.27923,1.7191400000000001,0.1244874
261,4141,1817.625,2.20168,25.32476,0.26191679999999995,0.28020009999999995,3.26084,1.7131900000000002,0.11701289999999999
262,4142,1817.75,2.20045,26.94373,0.2604099,0.2809688,3.2645,1.7087299999999999,0.13157739999999998
263,4143,1817.875,2.19922,28.56271,0.2588287,0.2817376,3.26817,1.70429,0.1466166
264,4144,1818.0,2.20313,27.84791,0.2574317,0.27929380000000004,3.28215,1.6905599999999998,0.13991710000000002
265,4145,1818.125,2.19869,26.37043,0.2623241,0.2820688,3.2697599999999998,1.67787,0.1263664
266,4146,1818.25,2.19863,25.376720000000002,0.2637511,0.2821062,3.2502299999999997,1.6585299999999998,0.1174731
267,4147,1818.375,2.19043,27.72727,0.2655445,0.2872313,3.22484,1.6449,0.13879570000000002
268,4148,1818.5,2.18907,27.12074,0.267269,0.2880813,3.21184,1.64142,0.1331983
269,4149,1818.625,2.18771,26.51422,0.26898320000000003,0.2889313,3.19895,1.63795,0.1276678
270,4150,1818.75,2.18304,25.82597,0.27287009999999995,0.2918501,3.18649,1.6244299999999998,0.121472
271,4151,1818.875,2.17477,26.97715,0.276412,0.29701869999999997,3.19643,1.60489,0.131883
272,4152,1819.0,2.17519,24.85223,0.27912359999999997,0.29675630000000003,3.24306,1.60798,0.1128492
273,4153,1819.125,2.17373,25.21145,0.27954209999999996,0.2976688,3.27002,1.61296,0.11601089999999999
274,4154,1819.25,2.17227,25.57067,0.279957,0.2985812,3.2974300000000003,1.61796,0.1191951
275,4155,1819.375,2.18706,24.82046,0.2717483,0.2893375,3.34295,1.63019,0.1125706
276,4156,1819.5,2.1959,25.55836,0.26520540000000004,0.28381259999999997,3.4032199999999997,1.6576400000000002,0.1190856
277,4157,1819.625,2.20336,25.53115,0.2605807,0.27915,3.4274199999999997,1.6882099999999998,0.1188437
278,4158,1819.75,2.2050099999999997,25.754070000000002,0.2592392,0.2781188,3.4159599999999997,1.6957,0.12082960000000001
279,4159,1819.875,2.20644,25.39165,0.2588492,0.277225,3.4085300000000003,1.69557,0.11760539999999998
280,4160,1820.0,2.2078599999999997,25.02923,0.2584619,0.2763375,3.4011400000000003,1.69544,0.1144042
281,4161,1820.125,2.20897,26.277359999999998,0.2560303,0.2756437,3.3788,1.693,0.125526
282,4162,1820.25,2.20439,28.77457,0.25528429999999996,0.2785062,3.3500699999999997,1.6889900000000002,0.1486205
283,4163,1820.375,2.20242,23.00452,0.26459109999999997,0.2797375,3.28135,1.6773900000000002,0.09693716
284,4164,1820.5,2.19665,24.38496,0.2663485,0.28334380000000003,3.24991,1.66179,0.10877
285,4165,1820.625,2.19088,25.7654,0.26805450000000003,0.28695,3.21907,1.6464900000000002,0.1209308
286,4166,1820.75,2.17353,24.1548,0.28111020000000003,0.2977937,3.16574,1.63537,0.10677460000000001
287,4167,1820.875,2.1682900000000003,24.607020000000002,0.28377140000000006,0.3010688,3.14702,1.62784,0.1107038
288,4168,1821.0,2.1654299999999997,26.88165,0.2823859,0.30285619999999996,3.11781,1.62206,0.1310103
289,4169,1821.125,2.16772,27.030179999999998,0.28074240000000006,0.301425,3.31543,1.6143,0.1323683
290,4170,1821.25,2.1659,26.4565,0.2826961,0.3025625,3.3213,1.61074,0.127145
291,4171,1821.375,2.1640900000000003,25.882820000000002,0.2846344,0.3036938,3.3271900000000003,1.60719,0.12198060000000001
292,4172,1821.5,2.16541,26.215790000000002,0.2833421,0.3028688,3.2981300000000005,1.59732,0.12497089999999998
293,4173,1821.625,2.1644400000000004,26.36627,0.2837362,0.3034751,3.1406400000000003,1.5887799999999999,0.1263288
294,4174,1821.75,2.15979,25.83193,0.2873929,0.3063813,3.1678,1.5878299999999999,0.12152529999999999
295,4175,1821.875,2.16092,25.76031,0.2867868,0.3056751,3.16605,1.58433,0.1208853
296,4176,1822.0,2.16205,25.68869,0.2861803,0.3049688,3.16431,1.58085,0.1202463
297,4177,1822.125,2.16403,27.57,0.28227220000000003,0.3037312,3.16846,1.57874,0.13733789999999998
298,4178,1822.25,2.16721,25.7679,0.2828448,0.3017437,3.16382,1.58,0.1209531
299,4179,1822.375,2.1694299999999997,25.73706,0.28150040000000004,0.3003563,3.16276,1.5801399999999999,0.1206778
300,4180,1822.5,2.17265,25.03215,0.28046409999999994,0.2983437,3.1657900000000003,1.5801399999999999,0.1144299
301,4181,1822.625,2.17584,24.38495,0.27935479999999996,0.29635009999999995,3.16986,1.57979,0.10876989999999999
302,4182,1822.75,2.17903,23.73775,0.2782341,0.2943563,3.17394,1.57944,0.103182
303,4183,1822.875,2.1773,24.4566,0.2783449,0.2954375,3.1717,1.58132,0.109393
304,4184,1823.0,2.17235,25.07084,0.2805984,0.2985313,3.1578,1.58061,0.11477060000000001
305,4185,1823.125,2.16577,26.19343,0.2831485,0.3026437,3.15587,1.57942,0.12476949999999999
306,4186,1823.25,2.16486,26.29348,0.2835764,0.3032125,3.1475,1.58287,0.1256715
307,4187,1823.375,2.16394,26.39354,0.28401020000000005,0.3037876,3.13917,1.58633,0.1265753
308,4188,1823.5,2.16453,27.20235,0.2824894,0.3034188,3.1389,1.58051,0.1339476
309,4189,1823.625,2.16085,25.04234,0.287825,0.3057187,3.12975,1.58154,0.11451960000000001
310,4190,1823.75,2.15817,26.00536,0.2881627,0.3073938,3.11975,1.61479,0.1230788
311,4191,1823.875,2.1564900000000002,25.52049,0.2898892,0.3084437,3.10823,1.6139299999999999,0.11874900000000001
312,4192,1824.0,2.1553,25.51168,0.2906453,0.30918759999999995,3.09783,1.6154,0.11867069999999999
313,4193,1824.125,2.1541099999999997,25.50287,0.2914012,0.3099313,3.0875,1.61687,0.1185924
314,4194,1824.25,2.1604900000000002,23.58876,0.29002100000000003,0.3059438,3.0883599999999998,1.61194,0.1019057
315,4195,1824.375,2.15951,25.19975,0.28844580000000003,0.3065563,3.08989,1.6243100000000001,0.11590750000000001
316,4196,1824.5,2.15797,24.34617,0.2905761,0.30751880000000004,3.08473,1.62438,0.10843310000000002
317,4197,1824.625,2.1595,26.18147,0.2870842,0.30656259999999996,3.08215,1.63399,0.12466179999999999
318,4198,1824.75,2.16194,25.84006,0.28603779999999995,0.3050375,3.08012,1.6385599999999998,0.121598
319,4199,1824.875,2.16438,25.498639999999998,0.28498829999999997,0.3035125,3.0781,1.64315,0.1185548
320,4200,1825.0,2.17235,25.95579,0.2793697,0.2985313,3.08302,1.6431099999999998,0.12263419999999998
