,eff_stress,VP,VS,DEN,VSH_GR,PHIT_ND
0,13.18,2217.08,1150.02,2.14,0.11,0.31
1,13.19,2250.15,1316.29,2.11,0.04,0.33
2,13.2,2319.41,1392.79,2.15,0.07,0.29
3,13.21,2303.27,1420.02,2.17,0.02,0.29
4,13.22,2264.67,1271.86,2.17,0.0,0.3
5,13.23,2214.49,1168.03,2.05,0.04,0.35
6,13.24,2270.29,1278.34,2.09,0.02,0.34
7,13.25,2277.08,1403.93,2.13,0.09,0.31
8,13.25,2256.76,1342.93,2.14,0.0,0.31
9,13.26,2255.24,1333.43,2.14,0.05,0.32
10,13.28,2240.5,1267.89,2.1,0.33,0.34
11,13.29,2204.37,1057.94,2.04,0.31,0.36
12,13.31,2311.05,1057.82,2.11,0.19,0.33
13,16.67,2979.04,1456.25,2.35,0.69,0.32
14,16.69,2766.23,1343.64,2.26,0.45,0.25
15,16.71,2817.74,1363.69,2.32,0.46,0.27
16,16.73,3288.81,1719.48,2.33,0.71,0.27
17,16.74,2922.62,1460.89,2.28,0.57,0.25
18,16.76,2724.88,1315.72,2.17,0.15,0.34
19,16.78,3347.55,1831.36,2.07,0.07,0.37
20,16.8,2801.36,1379.52,2.18,0.21,0.32
21,16.81,2671.59,1278.7,2.14,0.21,0.34
22,16.83,2765.89,1338.5,2.23,0.26,0.31
23,16.85,2925.31,1451.02,2.3,0.39,0.29
24,16.87,3378.46,1793.44,2.43,0.38,0.24
25,16.89,3074.52,1555.41,2.36,0.37,0.29
26,16.91,2762.15,1323.62,2.24,0.39,0.32
27,16.93,2868.89,1388.83,2.37,0.32,0.3
28,16.94,2743.79,1308.2,2.26,0.36,0.32
29,16.96,2733.58,1309.55,2.26,0.2,0.31
30,16.98,2883.1,1402.96,2.36,0.38,0.29
31,17.0,2821.89,1403.93,2.1,0.17,0.36
32,17.02,2813.04,1398.74,2.11,0.13,0.34
33,17.03,2865.5,1440.24,2.15,0.13,0.33
34,17.05,2806.57,1376.82,2.16,0.37,0.33
35,17.07,2800.02,1369.42,2.14,0.38,0.34
36,17.08,2733.04,1306.03,2.24,0.29,0.33
37,17.1,2802.85,1349.58,2.33,0.35,0.29
38,17.12,2950.93,1511.74,2.32,0.08,0.22
39,17.14,2969.26,1523.45,2.25,0.03,0.27
40,17.16,2968.36,1525.65,2.19,0.08,0.3
41,17.18,2989.0,1545.32,2.18,0.04,0.3
42,17.19,2948.15,1510.33,2.19,0.08,0.29
43,17.21,2977.29,1533.58,2.18,0.08,0.3
44,17.23,2987.45,1540.85,2.17,0.1,0.31
45,17.24,3166.36,1685.11,2.18,0.08,0.3
46,17.26,2901.16,1444.14,2.26,0.3,0.3
47,17.28,2915.04,1451.85,2.2,0.45,0.32
48,17.3,2875.72,1433.22,2.25,0.36,0.27
49,17.32,2853.88,1413.29,2.21,0.2,0.33
50,17.33,2768.93,1340.65,2.14,0.47,0.34
51,17.35,2812.05,1380.82,2.23,0.4,0.28
52,17.37,2857.25,1393.08,2.27,0.42,0.32
53,17.39,2951.21,1498.87,2.31,0.0,0.27
54,17.41,2997.19,1553.07,2.22,0.02,0.28
55,17.42,3126.35,1655.54,2.25,0.04,0.26
56,17.44,3752.46,2145.01,2.28,0.05,0.27
57,17.46,3087.95,1623.36,2.23,0.06,0.27
58,17.48,3101.02,1633.64,2.24,0.07,0.27
59,17.5,3063.71,1601.61,2.23,0.08,0.28
60,17.52,3020.58,1566.05,2.23,0.12,0.27
61,17.73,3042.32,1560.53,2.2,0.14,0.35
62,17.75,2889.57,1446.47,2.13,0.17,0.36
63,17.76,2832.37,1394.0,2.1,0.18,0.4
64,17.77,2897.45,1442.41,2.13,0.19,0.4
65,17.79,2887.74,1455.82,2.11,0.18,0.34
66,17.8,2953.23,1509.56,2.15,0.16,0.32
67,17.82,3066.46,1600.04,2.14,0.16,0.33
68,17.83,2965.12,1517.84,2.14,0.15,0.34
69,17.84,2981.65,1528.91,2.11,0.22,0.34
70,17.86,2963.51,1513.24,2.11,0.24,0.35
71,17.87,2998.58,1543.12,2.12,0.21,0.34
72,17.88,3023.76,1565.63,2.13,0.17,0.33
73,17.9,3027.64,1568.52,2.15,0.17,0.32
74,17.91,3084.3,1613.68,2.14,0.18,0.33
75,17.92,3068.92,1598.97,2.13,0.22,0.33
76,17.94,3079.11,1607.86,2.15,0.2,0.31
77,17.95,3080.12,1609.13,2.18,0.2,0.3
78,17.96,2939.45,1479.78,2.15,0.29,0.35
79,17.98,2928.36,1474.71,2.13,0.31,0.35
80,17.99,2903.63,1457.14,2.13,0.27,0.35
81,18.0,2901.61,1453.56,2.13,0.29,0.35
82,18.02,2834.88,1399.97,2.13,0.31,0.35
83,18.03,2895.57,1434.36,2.17,0.32,0.37
84,18.05,2864.22,1418.36,2.18,0.35,0.33
85,18.06,3014.89,1525.12,2.24,0.34,0.32
86,18.07,3159.43,1621.33,2.33,0.4,0.31
87,18.09,3449.32,1827.14,2.38,0.38,0.35
88,18.11,3110.18,1561.82,2.34,0.39,0.41
89,18.12,3075.74,1535.93,2.41,0.37,0.35
90,18.14,3481.03,1872.91,2.38,0.34,0.29
91,18.16,3061.06,1524.64,2.33,0.43,0.36
92,18.17,2946.88,1447.68,2.31,0.48,0.33
93,18.19,3541.99,1917.61,2.31,0.39,0.34
94,18.21,2977.94,1482.63,2.23,0.42,0.36
95,18.22,3001.31,1492.46,2.25,0.39,0.39
96,18.24,3292.57,1706.38,2.55,0.35,0.25
97,18.25,3322.57,1742.68,2.38,0.37,0.3
98,18.27,2949.6,1451.97,2.28,0.5,0.34
99,18.29,2977.35,1495.99,2.2,0.44,0.34
100,18.3,2870.09,1413.05,2.18,0.44,0.34
101,18.31,3026.39,1528.52,2.26,0.44,0.31
102,18.33,2857.95,1408.6,2.18,0.26,0.36
103,18.34,3125.87,1617.64,2.24,0.31,0.32
104,18.36,3011.58,1538.43,2.18,0.22,0.34
105,18.37,3084.5,1598.1,2.19,0.24,0.32
106,18.39,3038.77,1570.51,2.19,0.2,0.31
107,18.4,2875.9,1428.31,2.15,0.22,0.37
108,18.42,3071.64,1567.65,2.28,0.21,0.33
109,18.43,3403.35,1846.82,2.31,0.28,0.26
110,18.45,3057.99,1579.01,2.15,0.32,0.33
111,18.46,3019.27,1555.53,2.18,0.26,0.31
112,18.47,3066.16,1585.86,2.18,0.2,0.33
113,18.49,3031.7,1551.29,2.18,0.19,0.35
114,18.5,3042.23,1566.36,2.18,0.22,0.33
115,18.52,3090.6,1608.0,2.19,0.27,0.31
116,18.53,2974.94,1506.94,2.18,0.33,0.33
117,18.54,3084.74,1608.83,2.18,0.26,0.3
118,18.56,3446.25,1902.38,2.24,0.19,0.26
119,18.57,2973.28,1517.24,2.16,0.3,0.32
120,18.59,3007.18,1531.23,2.2,0.31,0.32
121,18.6,2962.11,1507.47,2.16,0.24,0.32
122,18.62,3036.09,1565.87,2.15,0.23,0.34
123,18.63,3008.81,1529.18,2.15,0.29,0.37
124,18.64,3280.36,1734.28,2.28,0.36,0.3
125,18.66,3840.09,2173.6,2.43,0.3,0.22
126,18.68,3619.96,2012.62,2.31,0.24,0.28
127,18.69,2935.34,1485.96,2.12,0.3,0.34
128,18.71,2921.87,1477.11,2.14,0.29,0.33
129,18.72,2899.05,1442.51,2.17,0.38,0.34
130,18.74,3279.12,1694.63,2.4,0.51,0.3
131,18.75,4643.61,2770.64,2.67,0.28,0.14
132,18.77,3969.53,2284.07,2.31,0.3,0.28
133,18.79,2946.42,1497.74,2.11,0.27,0.35
134,18.8,2878.93,1444.37,2.14,0.24,0.34
135,18.81,2984.58,1521.99,2.15,0.26,0.34
136,18.83,3004.65,1526.67,2.21,0.34,0.32
137,18.84,3017.26,1526.13,2.25,0.45,0.31
138,18.86,2832.42,1397.55,2.1,0.32,0.37
139,18.87,2735.59,1308.47,2.16,0.4,0.36
140,18.88,2881.18,1431.86,2.17,0.41,0.32
141,18.9,2830.66,1404.1,2.1,0.29,0.35
142,18.91,2913.36,1468.59,2.09,0.3,0.36
143,16.14,3296.49,1724.28,2.53,0.56,0.07
144,16.16,2896.72,1436.14,2.22,0.33,0.27
145,16.17,2901.9,1436.66,2.19,0.36,0.29
146,16.19,3024.06,1549.23,2.2,0.22,0.27
147,16.2,2955.33,1486.7,2.19,0.29,0.28
148,16.22,2924.07,1466.39,2.15,0.25,0.31
149,16.23,3050.11,1578.65,2.2,0.15,0.27
150,16.24,3045.8,1592.18,2.1,0.01,0.34
151,16.26,3042.53,1586.31,2.12,0.04,0.33
152,16.27,3048.3,1588.45,2.14,0.06,0.31
153,16.29,3074.72,1614.12,2.14,0.02,0.31
154,16.3,3087.43,1625.05,2.12,0.02,0.33
155,16.31,3063.37,1606.6,2.12,0.01,0.33
156,18.37,3106.24,1618.6,2.32,0.22,0.24
157,16.32,3138.42,1664.98,2.14,0.02,0.32
158,18.39,3071.03,1586.04,2.3,0.0,0.3
159,16.34,2973.2,1530.0,2.11,0.04,0.33
160,18.41,2799.54,1377.8,2.15,0.09,0.35
161,16.35,3017.51,1570.41,2.11,0.0,0.34
162,18.42,2825.49,1381.32,2.22,0.18,0.35
163,16.37,2942.53,1501.94,2.14,0.07,0.31
164,18.44,2736.7,1337.31,2.12,0.07,0.35
165,16.38,3086.82,1619.15,2.14,0.06,0.31
166,18.45,2733.63,1338.04,2.14,0.02,0.33
167,16.4,3045.76,1593.39,2.13,0.0,0.32
168,18.47,2764.63,1360.76,2.14,0.04,0.34
169,16.41,3099.89,1635.36,2.16,0.01,0.3
170,18.48,2767.76,1355.38,2.21,0.06,0.32
171,16.43,3033.35,1583.42,2.11,0.0,0.33
172,18.5,2805.98,1376.17,2.26,0.13,0.3
173,16.44,3044.59,1587.86,2.14,0.04,0.32
174,18.51,2802.76,1376.05,2.21,0.11,0.33
175,16.46,3077.25,1618.26,2.11,0.0,0.33
176,18.53,2709.33,1303.95,2.19,0.12,0.33
177,16.47,3060.2,1594.39,2.1,0.09,0.34
178,18.54,2758.37,1359.14,2.13,0.0,0.34
179,16.48,3038.2,1573.68,2.11,0.11,0.33
180,18.56,2752.14,1353.71,2.14,0.0,0.34
181,16.5,3065.2,1596.7,2.11,0.1,0.33
182,18.57,3187.45,1697.33,2.45,0.0,0.16
183,16.51,2973.6,1514.4,2.13,0.18,0.32
184,18.59,2697.35,1273.58,2.31,0.1,0.32
185,16.53,3070.97,1605.7,2.14,0.07,0.32
186,18.61,2666.38,1271.05,2.19,0.09,0.33
187,16.54,3225.53,1737.71,2.2,0.0,0.28
188,18.62,2796.33,1384.13,2.13,0.16,0.33
189,16.56,3191.99,1706.88,2.15,0.03,0.31
190,18.64,3027.19,1568.68,2.14,0.16,0.31
191,16.57,3032.9,1574.82,2.12,0.07,0.32
192,18.66,2764.63,1323.83,2.21,0.44,0.34
193,16.59,2976.58,1529.99,2.15,0.07,0.31
194,18.67,2764.63,1319.67,2.23,0.47,0.33
195,16.6,3022.99,1568.4,2.15,0.06,0.31
196,18.69,2875.47,1449.31,2.19,0.12,0.3
197,16.62,2892.44,1444.06,2.17,0.23,0.3
198,18.7,2722.95,1316.35,2.15,0.28,0.33
199,16.63,2868.15,1423.22,2.13,0.24,0.32
200,18.72,2718.39,1307.22,2.11,0.38,0.36
201,16.65,2870.38,1424.65,2.12,0.24,0.32
202,18.73,2729.04,1313.79,2.07,0.35,0.38
203,16.66,2905.38,1457.9,2.14,0.2,0.32
204,18.75,2698.84,1279.6,2.13,0.47,0.36
205,16.68,2916.94,1463.61,2.14,0.23,0.32
206,18.76,2616.31,1213.98,2.11,0.5,0.37
207,16.69,2864.89,1425.63,2.12,0.2,0.33
208,18.78,2623.35,1218.24,2.07,0.51,0.4
209,16.71,2847.64,1392.99,2.16,0.37,0.3
210,18.79,2695.85,1277.26,2.08,0.5,0.39
211,16.72,2868.2,1413.17,2.16,0.33,0.3
212,18.8,2644.69,1231.66,2.13,0.53,0.36
213,16.74,2873.64,1414.55,2.15,0.36,0.31
214,16.75,2872.75,1419.71,2.15,0.3,0.31
215,16.75,2904.79,1441.2,2.16,0.34,0.3
216,16.76,2915.77,1433.08,2.16,0.49,0.3
217,16.77,2865.41,1390.99,2.15,0.51,0.31
218,16.78,2897.48,1432.12,2.17,0.37,0.3
219,16.79,3060.67,1568.19,2.24,0.31,0.25
220,16.79,3152.82,1644.38,2.28,0.28,0.23
221,16.8,3191.83,1676.14,2.29,0.28,0.22
222,16.81,3152.66,1631.04,2.27,0.39,0.23
223,18.88,2835.35,1414.49,2.09,0.17,0.36
224,16.83,2927.4,1407.35,2.14,0.8,0.31
225,18.9,2865.33,1435.71,2.1,0.22,0.34
226,16.84,2965.24,1485.82,2.16,0.37,0.3
227,18.91,2827.13,1406.47,2.09,0.2,0.35
228,16.86,2947.8,1472.45,2.17,0.36,0.3
229,18.93,2799.54,1379.43,2.11,0.25,0.35
230,16.87,2938.13,1460.86,2.16,0.4,0.3
231,18.94,2791.53,1371.78,2.14,0.31,0.33
232,16.89,2852.56,1404.37,2.2,0.3,0.28
233,18.96,2735.17,1324.83,2.1,0.33,0.36
234,16.9,3000.35,1530.22,2.23,0.23,0.26
235,18.97,2889.1,1458.21,2.1,0.14,0.36
236,16.92,2881.64,1433.54,2.15,0.24,0.31
237,18.98,2858.62,1428.87,2.12,0.2,0.35
238,16.94,3021.71,1530.35,2.3,0.37,0.21
239,19.0,2932.53,1491.66,2.11,0.18,0.34
240,16.95,2945.96,1474.01,2.26,0.34,0.24
241,19.01,3057.55,1592.0,2.18,0.11,0.32
242,16.97,2916.27,1447.94,2.24,0.36,0.25
243,19.03,2946.71,1508.7,2.13,0.09,0.33
244,16.99,2959.59,1481.11,2.28,0.37,0.23
245,19.04,2856.94,1430.56,2.1,0.16,0.36
246,17.0,3078.39,1585.24,2.2,0.28,0.28
247,19.06,2877.17,1447.54,2.1,0.18,0.34
248,17.02,3082.67,1611.2,2.15,0.1,0.31
249,19.07,2892.53,1462.4,2.09,0.13,0.35
250,17.03,3052.38,1593.08,2.16,0.05,0.3
251,19.09,2939.6,1499.27,2.12,0.15,0.33
252,17.05,2954.58,1504.0,2.13,0.14,0.32
253,19.1,2883.97,1447.38,2.11,0.25,0.35
254,17.06,2835.12,1361.12,2.43,0.57,0.14
255,19.12,2810.84,1392.65,2.09,0.21,0.35
256,17.08,2999.74,1538.16,2.22,0.15,0.26
257,19.13,2766.19,1355.08,2.09,0.24,0.36
258,17.1,3168.04,1691.64,2.11,0.0,0.34
259,19.15,2822.22,1399.41,2.09,0.25,0.35
260,17.11,3172.47,1689.36,2.15,0.05,0.31
261,19.16,2810.84,1390.05,2.09,0.26,0.35
262,17.13,3239.74,1739.74,2.18,0.08,0.29
263,19.17,2837.0,1411.27,2.08,0.25,0.36
264,17.14,3177.7,1697.89,2.13,0.01,0.32
265,19.19,2870.39,1438.63,2.08,0.24,0.35
266,17.16,3183.3,1695.83,2.14,0.07,0.32
267,19.2,2982.75,1525.86,2.09,0.29,0.36
268,17.17,3162.89,1680.08,2.13,0.06,0.32
269,19.22,3086.58,1608.64,2.2,0.29,0.29
270,17.19,3141.07,1658.62,2.13,0.09,0.32
271,19.23,3102.29,1627.19,2.19,0.19,0.29
272,17.2,3111.04,1639.59,2.15,0.05,0.31
273,19.25,3025.31,1564.51,2.21,0.21,0.29
274,19.69,2634.03,1630.2,2.33,0.48,0.27
275,19.26,2988.24,1542.23,2.14,0.08,0.32
276,19.26,2941.38,1507.18,2.13,0.04,0.32
277,19.27,2946.71,1507.57,2.13,0.11,0.33
278,19.27,2979.11,1533.1,2.12,0.11,0.33
279,19.28,2984.58,1538.32,2.13,0.1,0.33
280,19.28,3059.47,1601.42,2.12,0.05,0.33
281,19.29,2971.85,1531.56,2.12,0.04,0.34
282,19.29,2895.96,1469.74,2.11,0.06,0.34
283,19.3,3029.07,1579.98,2.12,0.0,0.33
284,19.3,3061.39,1605.97,2.15,0.0,0.31
285,19.31,2909.79,1484.05,2.11,0.0,0.34
286,19.31,2921.99,1492.94,2.14,0.02,0.32
287,19.32,2957.43,1520.02,2.15,0.04,0.32
288,19.32,2873.78,1454.25,2.1,0.01,0.34
289,19.33,2921.99,1493.87,2.12,0.0,0.33
290,19.77,2873.77,1401.57,2.56,0.64,0.19
291,19.34,2346.87,952.71,2.16,1.0,0.46
292,19.34,2391.76,988.68,2.2,1.0,0.42
293,19.79,2882.25,1425.59,2.16,0.05,0.31
294,19.35,2672.22,1285.79,2.07,0.13,0.35
295,17.32,3009.24,1543.1,2.11,0.18,0.34
296,19.81,2900.86,1451.97,2.19,0.0,0.29
297,19.37,2589.91,1206.81,1.87,0.38,0.48
298,17.33,2964.42,1508.66,2.11,0.16,0.33
299,19.83,2980.56,1533.93,2.18,0.04,0.29
300,19.38,2789.93,1387.67,2.06,0.0,0.38
301,17.35,3001.68,1537.76,2.11,0.17,0.33
302,19.84,2956.7,1525.4,2.18,0.05,0.29
303,19.39,2872.08,1449.45,2.11,0.07,0.34
304,17.36,3001.51,1538.16,2.11,0.17,0.33
305,19.86,2819.29,1416.69,2.15,0.4,0.32
306,19.86,2805.69,1406.27,2.14,0.3,0.32
307,17.38,2961.94,1504.15,2.11,0.19,0.33
308,19.87,2830.62,1390.82,2.15,0.26,0.32
309,19.88,2855.02,1436.65,2.16,0.23,0.31
310,17.39,2964.03,1502.34,2.11,0.22,0.33
311,17.4,2955.38,1496.23,2.11,0.21,0.33
312,19.89,2972.01,1481.54,2.23,0.36,0.29
313,17.41,2955.54,1493.35,2.11,0.24,0.33
314,17.41,2937.42,1478.65,2.11,0.24,0.33
315,19.91,2905.96,1529.79,2.3,0.49,0.27
316,17.42,2951.13,1492.61,2.13,0.21,0.32
317,17.43,2928.42,1472.64,2.12,0.23,0.33
318,19.93,2767.75,1400.4,2.19,0.61,0.31
319,17.43,2915.93,1461.89,2.11,0.23,0.33
320,17.44,2912.82,1455.45,2.13,0.27,0.32
321,19.94,2812.93,1406.53,2.22,0.68,0.3
322,17.45,2947.46,1479.8,2.17,0.3,0.3
323,17.46,2928.63,1463.49,2.16,0.31,0.3
324,19.96,2743.66,1570.02,2.19,0.49,0.3
325,17.47,3069.43,1568.3,2.27,0.37,0.23
326,19.97,2970.22,1553.62,2.27,0.31,0.27
327,19.98,2883.01,1431.0,2.22,0.25,0.29
328,19.52,2865.33,1414.83,2.12,0.57,0.34
329,19.53,2894.24,1446.7,2.1,0.43,0.35
330,20.01,3420.57,1624.78,2.63,0.6,0.13
331,20.02,3484.35,1588.57,2.45,0.53,0.28
332,19.56,2921.99,1477.71,2.07,0.28,0.37
333,19.57,2930.77,1481.8,2.08,0.33,0.36
334,17.25,3064.25,1505.58,2.26,0.51,0.27
335,17.26,3115.94,1520.25,2.27,0.46,0.26
336,17.27,2925.1,1403.8,2.17,0.27,0.31
337,19.6,2860.29,1423.58,2.08,0.36,0.36
338,18.28,2847.22,1294.14,2.37,0.29,0.27
339,17.28,2908.8,1396.47,2.15,0.17,0.33
340,19.61,2890.81,1450.88,2.1,0.31,0.36
341,17.3,2902.5,1376.62,2.14,0.2,0.33
342,18.31,2874.63,1454.78,2.25,0.24,0.27
343,17.31,2935.6,1423.07,2.17,0.22,0.31
344,19.63,2805.98,1378.48,2.1,0.4,0.36
345,18.33,3000.12,1533.22,2.28,0.19,0.28
346,17.32,2894.38,1388.64,2.15,0.16,0.32
347,19.65,2894.24,1448.38,2.1,0.4,0.35
348,17.33,2854.3,1368.56,2.13,0.18,0.33
349,18.35,3016.19,1578.26,2.3,0.13,0.26
350,17.35,2840.6,1368.55,2.12,0.25,0.33
351,19.67,2915.0,1458.4,2.11,0.52,0.34
352,18.37,2989.92,1574.45,2.25,0.11,0.27
353,17.36,2907.43,1372.56,2.15,0.2,0.32
354,19.69,2845.27,1402.31,2.16,0.53,0.32
355,18.39,2972.06,1530.11,2.25,0.11,0.27
356,17.38,2937.67,1409.23,2.13,0.14,0.33
357,19.7,2789.93,1359.1,2.11,0.52,0.34
358,17.39,2880.81,1467.28,2.16,0.17,0.31
359,18.41,2948.8,1521.6,2.25,0.15,0.3
360,17.4,4917.99,2488.89,2.4,0.16,0.16
361,19.73,2909.79,1439.71,2.19,0.63,0.32
362,18.43,2963.16,1519.77,2.28,0.33,0.29
363,17.42,3046.49,1433.59,2.1,0.19,0.35
364,19.74,2872.08,1413.08,2.13,0.62,0.34
365,18.45,3022.37,1533.49,2.22,0.28,0.29
366,19.76,3175.0,1636.82,2.29,0.6,0.29
367,19.76,3410.35,1813.15,2.37,0.61,0.26
368,17.45,3630.64,2212.31,2.3,0.22,0.21
369,17.46,2861.16,1380.26,2.14,0.31,0.33
370,17.47,2835.91,1378.24,2.13,0.26,0.33
371,17.48,2872.84,1418.44,2.13,0.32,0.33
372,18.51,2987.82,1483.47,2.25,0.1,0.28
373,18.52,2960.7,1475.9,2.28,0.1,0.3
374,18.53,2988.44,1474.39,2.23,0.06,0.31
375,18.54,2937.02,1459.11,2.24,0.15,0.28
376,18.54,2923.12,1465.52,2.26,0.13,0.26
377,17.53,2847.77,1434.7,2.18,0.54,0.32
378,17.54,2745.77,1356.08,2.14,0.35,0.34
379,17.55,2837.54,1360.39,2.1,0.22,0.34
380,17.57,2864.48,1380.72,2.15,0.32,0.32
381,17.59,2973.37,1435.18,2.16,0.43,0.32
382,17.6,2862.67,1415.89,2.13,0.35,0.34
383,17.62,2983.88,1480.09,2.17,0.41,0.31
384,17.63,3028.87,1527.38,2.18,0.42,0.31
385,17.65,2981.94,1461.46,2.14,0.11,0.33
386,17.67,2978.97,1469.47,2.16,0.1,0.31
387,17.68,2918.84,1441.9,2.13,0.07,0.32
388,17.7,2953.16,1468.29,2.14,0.0,0.33
389,17.72,3031.2,1506.98,2.17,0.06,0.3
390,17.73,3302.0,1676.01,2.22,0.1,0.29
391,17.75,3134.33,1583.28,2.17,0.08,0.3
392,17.76,3065.69,1557.39,2.14,0.15,0.32
393,17.78,2906.72,1439.84,2.12,0.14,0.33
394,17.8,2896.33,1457.69,2.11,0.12,0.33
395,17.81,2934.57,1460.17,2.12,0.29,0.34
396,17.83,3086.15,1519.37,2.22,0.16,0.29
397,17.84,3260.78,1674.22,2.23,1.0,0.28
398,17.86,3240.83,1640.49,2.23,1.0,0.3
399,17.88,3094.17,1516.58,2.24,1.0,0.29
400,17.9,3092.8,1528.62,2.22,1.0,0.32
401,18.69,2786.14,1392.29,2.19,0.65,0.35
402,18.7,2932.29,1300.34,2.28,0.19,0.2
403,18.71,3229.76,1329.03,2.11,0.36,0.36
404,18.72,2956.61,1410.34,2.09,0.36,0.37
405,18.73,2755.41,1375.95,2.13,0.41,0.34
406,18.74,2890.14,1379.33,2.14,0.46,0.35
407,18.75,2839.65,1365.09,2.13,0.44,0.35
408,18.76,2862.64,1385.86,2.17,0.52,0.34
409,18.77,2864.88,1398.49,2.18,0.65,0.33
410,18.78,2943.12,1456.92,2.21,0.57,0.32
411,18.8,3393.42,1447.62,2.17,0.12,0.31
412,18.81,3301.39,1691.91,2.2,0.02,0.29
413,18.82,2981.73,1616.08,2.14,0.21,0.33
414,18.83,2867.07,1531.31,2.11,0.33,0.35
415,18.84,2921.84,1536.75,2.12,0.49,0.34
416,18.85,2913.73,1531.29,2.12,0.15,0.34
417,18.86,2913.04,1534.59,2.12,0.27,0.33
418,18.87,3301.97,1593.13,2.24,0.14,0.27
419,18.88,2834.37,1478.23,2.1,0.21,0.35
420,18.89,2997.95,1435.49,2.07,0.22,0.36
421,18.91,2916.48,1502.68,2.16,0.01,0.31
422,18.92,3252.19,1513.96,2.18,0.0,0.3
423,18.93,3036.13,1477.89,2.12,0.0,0.33
424,18.94,2979.94,1576.28,2.16,0.0,0.32
425,18.95,2890.64,1543.71,2.12,0.0,0.33
426,18.96,2854.77,1538.78,2.12,0.0,0.33
427,18.97,2845.15,1557.28,2.11,0.02,0.34
428,19.08,2611.21,1679.76,2.3,0.55,0.31
429,19.1,2609.18,1621.28,2.24,0.5,0.31
430,19.12,2642.08,1583.0,2.07,0.39,0.32
431,19.13,2925.09,1913.7,2.41,0.24,0.19
432,19.16,3264.66,1874.12,2.54,0.16,0.14
433,19.17,2805.69,1661.45,1.98,0.24,0.35
434,19.19,2875.47,1591.27,2.27,0.52,0.28
435,19.21,2938.47,1465.38,2.45,0.72,0.36
436,19.23,3104.45,1718.5,2.19,0.0,0.33
437,19.24,3110.2,1715.86,2.15,0.0,0.33
438,19.26,3059.12,1615.03,2.2,0.33,0.34
439,19.28,3160.04,1667.23,2.2,0.4,0.34
440,19.3,3104.45,1661.45,2.14,0.07,0.34
441,19.31,3084.45,1635.51,2.14,0.18,0.37
442,19.33,3110.2,1658.98,2.17,0.28,0.33
443,19.35,3053.55,1619.71,2.15,0.17,0.34
444,19.36,3064.72,1633.12,2.16,0.18,0.33
445,19.38,3255.14,1742.62,2.22,0.02,0.32
446,19.4,3264.66,1735.4,2.19,0.0,0.33
447,19.41,3196.19,1704.52,2.15,0.0,0.33
448,19.43,3175.0,1608.83,2.16,0.04,0.33
449,19.45,3104.45,1552.22,2.14,0.3,0.36
450,19.46,3092.99,1555.1,2.15,0.25,0.35
451,19.48,3025.99,1540.81,2.15,0.35,0.37
452,19.5,2930.77,1537.28,2.14,0.29,0.35
453,19.52,3009.7,1547.92,2.19,0.4,0.36
454,19.53,3017.82,1559.44,2.18,0.37,0.32
455,19.55,2998.93,1560.89,2.18,0.31,0.35
456,19.57,3023.26,1541.52,2.17,0.33,0.34
457,19.58,2977.62,1536.57,2.17,0.35,0.35
458,19.6,2951.41,1508.91,2.16,0.34,0.36
459,19.62,2959.22,1542.94,2.21,0.55,0.34
460,19.64,3064.72,1608.83,2.3,0.61,0.33
461,19.65,3025.99,1574.08,2.19,0.49,0.34
462,19.67,3163.02,1649.19,2.35,0.55,0.3
463,21.56,3308.29,1790.16,2.18,0.22,0.3
464,21.58,3260.49,1742.11,2.12,0.38,0.33
465,21.59,3222.36,1703.84,2.17,0.5,0.31
466,21.61,3183.63,1682.42,2.14,0.35,0.32
467,21.63,3285.76,1775.32,2.18,0.17,0.3
468,21.64,3249.04,1740.57,2.17,0.26,0.31
469,21.66,3157.8,1663.6,2.16,0.32,0.31
470,21.68,3180.55,1687.38,2.14,0.23,0.32
471,21.69,3140.54,1642.72,2.17,0.31,0.33
472,21.71,3100.2,1622.77,2.14,0.24,0.32
473,21.73,3195.27,1696.46,2.12,0.27,0.34
474,21.74,3078.3,1589.95,2.17,0.42,0.32
475,21.76,3113.53,1625.82,2.16,0.36,0.31
476,21.78,3072.48,1585.58,2.18,0.47,0.31
477,21.79,3154.42,1660.35,2.19,0.33,0.3
478,21.81,3289.18,1739.17,2.36,0.56,0.22
479,21.83,3117.08,1606.17,2.21,0.53,0.31
480,21.85,3214.06,1677.47,2.22,0.61,0.31
481,22.56,3326.62,1814.83,2.24,0.07,0.27
482,22.58,3286.48,1786.06,2.2,0.01,0.29
483,22.6,3387.84,1866.47,2.22,0.03,0.26
484,22.61,3358.77,1838.91,2.23,0.05,0.28
485,22.63,3337.14,1821.07,2.24,0.1,0.26
486,22.65,3289.19,1780.43,2.2,0.11,0.3
487,22.67,3351.62,1836.97,2.22,0.04,0.28
488,22.69,3256.03,1757.14,2.23,0.08,0.28
489,22.7,3331.59,1818.67,2.16,0.07,0.3
490,22.72,3213.19,1726.47,2.26,0.02,0.25
491,22.74,3175.56,1695.36,2.15,0.04,0.3
492,22.76,3200.34,1716.23,2.17,0.02,0.3
493,22.77,3179.54,1698.43,2.17,0.01,0.32
494,22.79,3231.31,1738.77,2.17,0.06,0.31
495,22.81,3294.69,1785.23,2.19,0.08,0.31
496,22.82,3225.55,1732.64,2.16,0.08,0.32
497,23.58,3196.27,1674.11,2.26,0.5,0.28
498,23.6,3246.41,1709.33,2.32,0.42,0.26
499,23.61,3281.96,1740.91,2.29,0.49,0.26
500,24.67,3403.45,1695.93,2.29,0.72,0.29
501,23.62,3251.46,1712.9,2.28,0.53,0.27
502,24.68,3319.73,1888.78,2.15,0.1,0.3
503,23.64,3282.1,1746.38,2.28,0.44,0.26
504,24.7,3188.56,1771.01,2.12,0.11,0.32
505,23.66,3300.69,1755.41,2.28,0.49,0.27
506,24.71,3336.27,1735.52,2.13,0.06,0.32
507,23.68,3516.15,1933.34,2.37,0.33,0.22
508,24.73,3211.26,1725.68,2.12,0.11,0.33
509,23.69,3261.63,1761.12,2.22,0.09,0.28
510,24.74,3233.61,1764.37,2.13,0.16,0.32
511,23.71,3244.85,1746.45,2.16,0.11,0.3
512,24.76,3223.49,1777.59,2.15,0.18,0.31
513,23.72,3342.48,1820.03,2.25,0.18,0.26
514,24.77,3279.52,1899.73,2.21,0.19,0.28
515,23.74,3401.52,1853.63,2.29,0.31,0.25
516,24.79,3506.87,1939.11,2.19,0.04,0.28
517,23.76,3327.17,1814.69,2.19,0.08,0.29
518,24.8,3371.86,1948.83,2.19,0.0,0.29
519,23.77,3460.35,1923.19,2.19,0.05,0.28
520,23.78,3434.16,1905.74,2.21,0.0,0.28
521,23.79,3480.4,1942.15,2.21,0.01,0.27
522,23.79,3479.24,1941.99,2.2,0.0,0.27
523,23.8,3460.15,1926.52,2.2,0.0,0.28
524,23.81,3463.68,1926.84,2.19,0.04,0.28
525,23.82,3459.19,1918.59,2.18,0.11,0.29
526,23.83,3496.98,1951.52,2.18,0.07,0.28
527,23.83,3520.49,1974.75,2.22,0.01,0.26
528,23.84,3591.97,2032.32,2.23,0.0,0.26
529,24.89,3342.57,1823.82,2.18,0.0,0.29
530,23.86,3497.99,1957.07,2.21,0.0,0.28
531,24.91,3382.67,1884.73,2.19,0.03,0.29
532,23.87,3419.8,1888.65,2.18,0.08,0.29
533,24.92,3367.04,1815.06,2.17,0.0,0.3
534,23.89,3338.11,1819.33,2.18,0.14,0.3
535,24.94,3315.04,1821.29,2.14,0.08,0.31
536,23.9,3297.17,1783.0,2.16,0.19,0.3
537,24.95,3344.73,1859.2,2.15,0.06,0.31
538,23.92,3422.61,1889.79,2.2,0.1,0.29
539,24.97,3346.26,1859.61,2.13,0.02,0.32
540,23.94,3374.81,1853.51,2.19,0.07,0.28
541,24.98,3346.88,1828.13,2.13,0.02,0.32
542,23.95,3355.25,1841.6,2.17,0.01,0.29
543,25.0,3182.87,1691.79,2.11,0.04,0.33
544,23.97,3398.58,1872.9,2.17,0.06,0.29
545,25.01,3225.87,1726.24,2.12,0.02,0.33
546,23.98,3369.64,1847.78,2.17,0.09,0.3
547,25.02,3189.03,1801.42,2.14,0.1,0.32
548,24.0,3374.07,1855.39,2.18,0.03,0.29
549,25.04,3238.66,1777.23,2.12,0.06,0.32
550,24.01,3431.83,1902.64,2.19,0.02,0.29
551,25.05,3228.76,1782.25,2.14,0.07,0.31
552,24.03,3410.35,1884.71,2.18,0.03,0.29
553,25.07,3310.23,1820.68,2.17,0.1,0.3
554,24.04,3329.8,1821.82,2.15,0.0,0.3
555,25.08,3311.43,1827.69,2.14,0.13,0.31
556,24.06,3343.4,1832.4,2.16,0.01,0.3
557,25.1,3387.61,1849.83,2.17,0.02,0.3
558,24.07,3331.77,1820.41,2.16,0.05,0.31
559,25.11,3338.34,1821.26,2.15,0.04,0.31
560,24.09,3399.28,1877.69,2.16,0.0,0.3
561,25.13,3331.51,1805.77,2.15,0.05,0.31
562,24.1,3339.3,1826.99,2.15,0.04,0.3
563,25.14,3197.85,1709.68,2.12,0.15,0.33
564,24.12,3410.04,1885.13,2.16,0.02,0.3
565,24.14,3356.46,1842.9,2.15,0.01,0.31
566,24.15,3358.91,1843.72,2.17,0.02,0.29
567,24.16,3352.38,1838.13,2.17,0.03,0.3
568,24.18,3358.59,1837.25,2.17,0.12,0.3
569,24.19,3318.19,1808.59,2.15,0.06,0.3
570,24.21,3695.49,2106.87,2.32,0.13,0.21
571,26.61,3356.02,1956.41,2.22,0.16,0.28
572,26.63,3462.37,1932.93,2.22,0.14,0.28
573,26.65,3657.25,2222.46,2.44,0.52,0.18
574,26.67,3447.45,2027.28,2.25,0.2,0.27
575,26.68,3563.92,2110.75,2.28,0.18,0.24
576,26.7,3409.32,1943.72,2.25,0.15,0.26
577,26.72,3546.9,2079.42,2.27,0.16,0.25
578,26.74,3533.91,2065.66,2.24,0.13,0.27
579,26.76,3574.9,2118.83,2.27,0.14,0.25
580,26.78,3565.77,2086.01,2.29,0.11,0.25
581,26.8,3500.93,2035.67,2.25,0.1,0.26
582,26.81,3501.92,2040.9,2.25,0.16,0.27
583,26.83,3523.62,2044.14,2.21,0.17,0.29
584,26.85,3355.53,1947.3,2.24,0.23,0.28
585,26.87,3349.52,1961.33,2.21,0.21,0.29
586,26.89,3259.83,1886.58,2.19,0.22,0.29
587,26.9,3304.98,1896.12,2.18,0.19,0.3
588,26.92,3297.18,1897.26,2.18,0.18,0.3
589,27.28,3354.44,1848.06,2.17,0.03,0.29
590,27.3,3307.02,1916.75,2.19,0.11,0.28
591,27.32,3343.74,1900.6,2.14,0.02,0.31
592,27.33,3476.69,1949.75,2.2,0.0,0.28
593,27.35,3407.64,1943.49,2.2,0.06,0.29
594,27.37,3608.77,2015.29,2.28,0.43,0.24
595,27.39,3701.14,2053.29,2.33,0.36,0.22
596,27.41,3399.72,1869.93,2.22,0.27,0.29
597,27.43,3223.8,1880.04,2.18,0.32,0.3
598,27.45,3354.06,1769.46,2.49,0.95,0.2
599,27.47,3520.15,1977.76,2.37,1.0,0.23
600,27.48,3351.0,1929.69,2.13,0.09,0.31
601,27.5,3378.28,1908.94,2.15,0.12,0.31
602,27.52,3304.48,1885.8,2.14,0.13,0.31
603,27.53,3166.38,1831.78,2.12,0.16,0.32
604,27.55,3455.63,2112.3,2.3,0.38,0.25
605,27.57,3454.15,1976.11,2.18,0.1,0.29
606,27.59,3392.0,1984.79,2.2,0.13,0.29
607,27.61,4020.11,2172.11,2.46,0.37,0.16
608,27.63,3407.54,2033.64,2.23,0.03,0.26
609,27.64,3489.0,2002.8,2.22,0.07,0.27
610,27.66,3472.43,1981.44,2.2,0.04,0.28
611,27.68,3856.46,2224.14,2.51,0.56,0.14
612,26.92,3568.67,2150.11,2.43,0.14,0.2
613,26.93,3064.86,1961.77,2.18,0.21,0.3
614,26.94,3035.55,1975.12,2.17,0.17,0.31
615,26.96,3010.07,1927.65,2.17,0.0,0.31
616,26.97,3143.89,1959.12,2.19,0.05,0.31
617,26.98,2999.7,1864.9,2.19,0.09,0.31
618,26.99,3106.4,1964.3,2.18,0.04,0.31
619,27.0,3228.13,1960.63,2.21,0.05,0.3
620,27.01,3381.78,2008.96,2.26,0.17,0.27
621,27.02,3223.01,1991.64,2.24,0.07,0.28
622,27.04,3103.87,2019.61,2.19,0.03,0.3
623,27.05,3083.77,2025.25,2.2,0.21,0.3
624,27.06,3218.92,2038.52,2.22,0.41,0.29
625,27.07,3190.62,2034.03,2.19,0.06,0.3
626,27.08,3167.41,2013.34,2.21,0.09,0.29
627,27.09,3313.76,2154.06,2.23,0.05,0.28
628,27.11,3230.18,2041.39,2.2,0.0,0.29
629,27.12,3330.78,2081.4,2.2,0.0,0.29
630,27.13,3313.76,2063.08,2.22,0.11,0.29
631,27.14,3313.76,2029.7,2.22,0.1,0.29
632,27.15,3450.7,2043.17,2.41,0.59,0.23
633,27.16,3307.29,1927.77,2.26,0.27,0.28
634,27.18,3426.26,2118.14,2.36,0.31,0.24
635,27.19,3212.82,2102.07,2.21,0.09,0.28
636,27.2,3288.03,2167.24,2.21,0.0,0.28
637,27.21,3282.36,2115.34,2.21,0.0,0.28
638,27.22,3347.24,2142.86,2.22,0.0,0.27
639,27.24,3366.1,2143.76,2.24,0.0,0.27
640,27.25,3343.94,2090.97,2.21,0.02,0.28
641,27.26,3369.07,2102.21,2.2,0.01,0.28
642,27.27,3410.54,2095.13,2.22,0.01,0.28
643,27.28,3432.05,2072.91,2.21,0.12,0.29
644,27.29,3464.42,2107.01,2.24,0.12,0.28
645,27.31,3498.22,2120.5,2.24,0.0,0.27
646,27.32,3526.96,2114.76,2.24,0.0,0.27
647,27.33,3519.22,2109.05,2.23,0.0,0.28
648,27.34,3569.92,2153.45,2.25,0.02,0.27
649,27.35,3578.72,2138.95,2.26,0.04,0.27
650,27.37,3516.79,2086.53,2.23,0.06,0.28
651,27.38,3504.25,2081.54,2.21,0.01,0.28
652,27.39,3488.21,2097.73,2.22,0.0,0.29
653,27.4,3534.32,2115.79,2.23,0.0,0.28
654,27.41,3498.22,2106.86,2.22,0.0,0.28
655,27.42,3479.45,2081.4,2.2,0.0,0.3
656,27.44,3509.9,2100.04,2.23,0.0,0.28
657,27.45,3496.21,2102.5,2.21,0.0,0.28
658,27.46,3540.48,2109.2,2.21,0.0,0.28
659,27.47,3511.93,2100.77,2.21,0.01,0.29
660,27.48,3478.66,2094.85,2.21,0.0,0.29
661,27.49,3465.21,2096.57,2.21,0.03,0.29
662,27.51,3394.97,2021.09,2.2,0.19,0.3
663,32.21,3712.55,2039.33,2.53,0.61,0.19
664,32.23,3659.06,2025.83,2.47,0.4,0.19
665,32.25,3781.64,2148.42,2.47,0.16,0.18
666,32.27,3703.52,2062.33,2.51,0.3,0.18
667,32.29,4130.08,2390.29,2.61,0.3,0.13
668,32.32,3672.29,2050.78,2.46,0.24,0.19
669,32.34,3882.8,2215.18,2.51,0.24,0.16
670,32.36,3598.58,1969.92,2.48,0.44,0.2
671,32.38,3685.61,2065.9,2.44,0.28,0.19
672,32.4,3611.37,1990.06,2.46,0.41,0.19
673,32.42,3690.07,2062.83,2.43,0.36,0.2
674,32.45,3699.03,2028.08,2.55,0.6,0.18
675,32.47,3762.96,2104.81,2.53,0.42,0.16
676,32.49,3624.26,1951.79,2.53,0.77,0.2
677,32.51,3607.1,1934.59,2.52,0.82,0.21
678,32.53,3699.03,2078.43,2.44,0.31,0.18
679,32.56,3672.29,2063.28,2.44,0.19,0.19
680,32.58,3632.9,2029.27,2.43,0.16,0.2
681,32.6,3637.23,2016.99,2.46,0.36,0.19
682,32.62,3676.72,2041.98,2.46,0.43,0.19
683,32.64,3753.69,2110.94,2.46,0.39,0.18
684,32.66,3749.08,2098.56,2.48,0.43,0.18
685,32.69,3645.93,1977.31,2.51,0.77,0.2
686,32.71,3708.03,2038.36,2.53,0.57,0.19
687,32.73,3744.47,2078.29,2.53,0.51,0.17
688,32.75,3735.29,2074.05,2.53,0.51,0.17
689,32.78,3619.95,1967.66,2.52,0.63,0.18
690,32.8,3471.53,1824.36,2.59,0.73,0.19
691,32.82,3645.93,2026.71,2.47,0.3,0.19
692,32.84,3581.67,1995.96,2.37,0.17,0.22
693,32.86,3897.7,2263.49,2.41,0.12,0.18
694,32.88,3598.58,2013.55,2.38,0.21,0.2
695,32.9,3721.61,2091.45,2.5,0.23,0.17
696,32.92,3690.07,2073.91,2.44,0.24,0.19
697,32.95,3676.72,2039.95,2.49,0.37,0.18
698,32.97,3810.0,2136.0,2.55,0.38,0.17
699,32.99,3726.16,2046.48,2.56,0.57,0.18
700,33.01,3781.64,2094.48,2.54,0.67,0.17
701,33.04,3805.24,2127.6,2.53,0.53,0.16
702,33.06,3863.12,2177.11,2.56,0.43,0.15
703,33.08,3800.5,2101.06,2.61,0.6,0.15
704,33.1,3712.55,2021.16,2.56,0.67,0.2
705,33.13,3833.96,2121.57,2.56,0.74,0.17
706,33.15,3912.71,2155.78,2.62,0.84,0.19
707,33.91,3554.37,2388.56,2.3,0.06,0.21
708,33.93,3618.6,2403.82,2.29,0.01,0.22
709,33.95,3856.74,2448.4,2.31,0.0,0.21
710,33.97,3818.78,2441.08,2.27,0.0,0.23
711,33.99,3774.32,2370.67,2.27,0.0,0.23
712,39.23,4604.23,2846.66,2.51,0.0,0.1
713,39.25,4096.77,2438.58,2.42,0.0,0.15
714,39.27,4221.61,2537.84,2.45,0.01,0.14
715,39.3,4385.61,2670.65,2.47,0.0,0.13
716,39.32,4204.14,2524.92,2.38,0.0,0.16
717,39.34,4080.32,2420.79,2.39,0.06,0.17
718,39.36,4096.77,2436.25,2.38,0.03,0.18
719,39.38,4280.9,2585.17,2.39,0.02,0.17
720,39.4,4053.19,2397.64,2.4,0.08,0.16
721,39.42,4398.27,2677.94,2.49,0.02,0.12
722,39.44,4169.63,2493.5,2.44,0.04,0.15
723,39.46,4074.87,2419.82,2.36,0.01,0.19
724,39.48,4047.81,2397.04,2.38,0.03,0.19
725,39.5,3853.35,2228.28,2.4,0.06,0.19
726,39.52,4015.81,2370.93,2.39,0.03,0.17
727,39.54,3979.11,2331.7,2.43,0.16,0.16
728,39.36,3724.08,2138.87,2.29,0.0,0.21
729,39.38,3976.92,2340.1,2.41,0.03,0.16
730,39.4,4105.05,2445.24,2.4,0.0,0.17
731,39.42,4146.94,2475.25,2.44,0.0,0.15
732,39.44,4111.97,2450.8,2.38,0.0,0.18
733,39.46,4064.0,2412.23,2.39,0.0,0.17
734,39.47,3876.63,2261.55,2.35,0.0,0.2
735,39.48,3971.34,2334.3,2.39,0.03,0.18
736,39.49,3964.88,2327.09,2.37,0.03,0.19
737,39.5,3971.34,2328.83,2.39,0.09,0.18
738,39.51,4077.59,2407.58,2.43,0.1,0.16
739,39.52,4057.24,2399.93,2.39,0.09,0.18
740,39.53,4098.15,2430.69,2.41,0.05,0.17
741,39.54,3977.81,2329.09,2.35,0.12,0.21
742,39.55,3952.03,2300.28,2.41,0.15,0.18
743,39.56,4003.94,2352.12,2.41,0.07,0.18
744,39.57,3990.83,2351.06,2.42,0.0,0.16
745,39.58,3920.26,2296.63,2.38,0.0,0.18
746,39.59,3745.62,2156.18,2.35,0.0,0.2
747,39.6,3964.88,2332.52,2.35,0.0,0.19
748,39.61,4023.76,2379.21,2.35,0.01,0.19
749,39.62,4139.9,2471.82,2.38,0.02,0.17
750,39.63,4064.0,2409.58,2.4,0.02,0.17
751,39.64,4077.59,2418.5,2.41,0.04,0.17
752,39.65,4003.94,2359.29,2.4,0.03,0.17
753,39.66,4111.97,2446.98,2.4,0.01,0.17
754,39.67,4182.5,2492.41,2.45,0.07,0.16
755,39.68,3990.83,2347.17,2.38,0.06,0.19
756,39.69,4070.78,2416.31,2.36,0.02,0.19
757,39.7,4003.94,2355.64,2.39,0.07,0.18
758,39.71,4057.24,2397.75,2.4,0.05,0.18
759,39.72,4003.94,2362.75,2.39,0.0,0.18
760,39.73,4125.89,2445.38,2.43,0.13,0.16
761,39.74,4125.89,2456.15,2.4,0.04,0.17
762,39.75,4077.59,2407.55,2.42,0.1,0.17
763,39.76,4182.5,2498.07,2.42,0.06,0.16
764,39.77,4270.4,2570.67,2.41,0.09,0.17
765,39.78,4182.5,2501.16,2.42,0.05,0.16
766,39.79,4077.59,2421.38,2.38,0.02,0.18
767,39.8,4139.9,2459.91,2.42,0.07,0.17
768,39.81,4017.13,2374.54,2.35,0.0,0.19
769,39.82,3889.0,2271.49,2.33,0.0,0.2
770,39.83,3984.31,2348.15,2.34,0.0,0.2
771,39.84,4070.78,2408.49,2.44,0.03,0.16
772,39.85,3997.38,2357.87,2.37,0.01,0.18
773,39.86,4023.76,2377.71,2.38,0.03,0.18
774,39.87,4125.89,2457.33,2.39,0.06,0.17
775,39.88,4175.34,2497.16,2.42,0.02,0.16
776,39.89,4139.9,2472.49,2.4,0.0,0.17
777,39.9,4248.08,2560.12,2.4,0.0,0.17
778,39.91,4204.14,2521.56,2.39,0.04,0.18
779,39.92,4233.33,2543.29,2.41,0.06,0.16
780,39.93,4070.78,2417.68,2.33,0.0,0.2
781,39.94,4189.69,2513.3,2.39,0.0,0.17
782,39.95,4070.78,2417.68,2.38,0.0,0.17
783,39.96,4125.89,2461.99,2.36,0.0,0.18
784,39.97,4118.92,2456.24,2.38,0.0,0.18
785,39.98,4098.15,2438.14,2.37,0.02,0.19
786,39.99,4098.15,2435.97,2.38,0.05,0.18
787,40.0,4091.28,2429.9,2.35,0.05,0.19
788,40.01,3913.96,2291.24,2.4,0.0,0.17
789,40.02,4057.24,2406.79,2.38,0.0,0.18
790,40.03,4064.0,2412.23,2.37,0.0,0.18
791,40.04,4105.05,2445.24,2.4,0.0,0.17
792,40.05,4146.94,2478.92,2.39,0.0,0.16
793,40.06,4146.94,2478.27,2.39,0.01,0.17
794,40.07,4168.21,2495.96,2.38,0.0,0.17
795,40.08,4146.94,2478.92,2.39,0.0,0.17
796,40.09,4168.21,2492.6,2.44,0.0,0.15
797,40.1,4182.5,2507.52,2.46,0.0,0.13
798,40.12,4936.03,3113.48,2.46,0.0,0.11
799,40.13,4233.33,2548.4,2.38,0.0,0.17
800,40.14,4262.94,2572.2,2.41,0.0,0.16
801,40.15,4189.69,2513.3,2.38,0.0,0.17
802,40.16,4240.7,2554.32,2.4,0.0,0.16
803,40.17,4204.14,2524.92,2.39,0.0,0.16
804,40.18,4189.69,2513.3,2.38,0.0,0.17
805,40.19,4218.69,2536.62,2.41,0.0,0.16
806,40.2,4226.0,2542.5,2.39,0.0,0.17
807,40.21,4161.09,2490.3,2.38,0.0,0.18
808,40.22,4182.5,2507.52,2.37,0.0,0.18
809,40.23,4161.09,2490.3,2.38,0.0,0.17
810,40.24,4211.4,2530.76,2.39,0.0,0.17
811,40.25,4211.4,2530.76,2.4,0.0,0.16
812,40.26,4196.9,2519.1,2.4,0.0,0.16
813,43.51,4369.67,2515.82,2.54,0.34,0.15
814,38.15,4279.41,2585.45,2.41,0.0,0.12
815,40.28,4346.52,2635.36,2.45,0.05,0.14
816,43.54,4293.86,2615.82,2.44,0.13,0.16
817,38.17,4375.2,2660.38,2.38,0.03,0.15
818,43.55,4119.14,2607.85,2.43,0.21,0.16
819,40.31,4338.79,2633.2,2.41,0.0,0.15
820,43.56,4115.68,2579.8,2.4,0.09,0.17
821,40.33,4233.33,2545.05,2.42,0.04,0.15
822,43.58,4126.36,2559.89,2.35,0.15,0.19
823,38.22,3841.97,2233.67,2.27,0.0,0.23
824,40.35,4226.0,2539.33,2.43,0.04,0.15
825,43.6,4091.49,2520.34,2.39,0.12,0.18
826,38.24,3931.74,2305.87,2.29,0.0,0.22
827,40.37,4270.4,2575.39,2.43,0.0,0.16
828,43.62,4105.64,2514.38,2.37,0.15,0.18
829,38.26,4285.88,2584.21,2.33,0.08,0.18
830,40.39,4300.53,2600.48,2.38,0.02,0.17
831,43.65,4099.79,2514.7,2.39,0.12,0.18
832,38.28,4281.34,2582.51,2.37,0.05,0.17
833,40.41,4377.74,2659.55,2.45,0.05,0.14
834,43.67,4100.07,2509.36,2.37,0.23,0.18
835,38.3,4132.85,2457.09,2.34,0.13,0.21
836,40.43,4385.61,2670.85,2.43,0.0,0.15
837,43.69,4158.33,2573.79,2.42,0.39,0.17
838,38.32,3973.46,2329.91,2.34,0.12,0.2
839,40.45,4393.51,2677.21,2.42,0.0,0.15
840,43.71,4150.58,2533.3,2.48,0.3,0.15
841,38.34,4065.3,2402.14,2.35,0.14,0.19
842,40.47,4377.74,2663.37,2.41,0.01,0.15
843,43.73,4274.24,2628.92,2.43,0.33,0.17
844,38.36,4047.38,2391.87,2.35,0.09,0.18
845,40.49,4315.75,2614.68,2.38,0.0,0.17
846,43.75,4244.1,2699.35,2.41,0.12,0.16
847,38.38,3994.62,2354.5,2.34,0.03,0.2
848,40.51,4204.14,2524.19,2.38,0.01,0.18
849,43.77,4383.06,2725.65,2.43,0.08,0.15
850,38.4,3876.39,2261.36,2.31,0.0,0.21
851,40.53,4465.93,2732.62,2.41,0.03,0.15
852,43.79,4317.93,2717.81,2.41,0.04,0.16
853,38.42,3815.35,2209.99,2.32,0.03,0.2
854,40.55,4300.53,2602.43,2.41,0.0,0.16
855,43.81,4312.61,2686.56,2.39,0.03,0.17
856,38.44,3857.47,2245.25,2.32,0.01,0.19
857,40.58,4262.94,2565.75,2.41,0.07,0.17
858,43.83,4358.82,2698.09,2.38,0.05,0.17
859,38.46,3821.59,2213.32,2.3,0.05,0.22
860,40.6,4154.0,2464.36,2.39,0.18,0.18
861,43.85,4289.95,2720.93,2.43,0.14,0.15
862,38.48,5401.69,3474.45,2.64,0.06,0.03
863,40.62,4277.89,2579.59,2.4,0.06,0.17
864,43.87,4307.52,2711.19,2.4,0.13,0.16
865,38.5,3928.27,2300.7,2.35,0.03,0.19
866,40.64,4270.4,2578.21,2.37,0.0,0.18
867,43.89,4292.17,2663.34,2.42,0.17,0.15
868,38.52,3806.56,2205.2,2.28,0.0,0.23
869,40.66,4218.69,2534.93,2.38,0.02,0.18
870,43.91,4248.23,2638.44,2.42,0.18,0.16
871,38.54,4008.47,2367.57,2.33,0.0,0.19
872,40.68,4285.41,2588.8,2.39,0.02,0.17
873,43.94,4329.07,2668.4,2.44,0.39,0.16
874,38.56,4941.99,3118.27,2.58,0.0,0.06
875,40.7,4204.14,2522.71,2.38,0.03,0.18
876,43.96,4223.51,2717.73,2.52,0.14,0.12
877,38.58,4074.86,2416.51,2.33,0.06,0.19
878,40.72,4189.69,2513.3,2.41,0.0,0.16
879,43.98,4369.49,2729.19,2.38,0.21,0.17
880,38.6,4090.87,2427.94,2.37,0.07,0.18
881,40.74,4204.14,2512.73,2.42,0.1,0.17
882,44.0,4286.85,2702.71,2.39,0.12,0.17
883,38.62,4038.88,2389.3,2.37,0.04,0.17
884,40.76,4196.9,2511.52,2.4,0.06,0.17
885,44.02,4315.61,2694.74,2.38,0.12,0.17
886,38.64,4006.09,2364.09,2.3,0.02,0.2
887,40.78,4218.69,2524.67,2.41,0.1,0.17
888,44.04,4324.29,2650.17,2.4,0.16,0.17
889,38.66,3937.38,2306.16,2.36,0.06,0.19
890,40.8,4255.5,2559.8,2.41,0.07,0.17
891,40.81,4248.08,2551.79,2.39,0.1,0.17
892,40.82,4240.7,2548.17,2.4,0.02,0.18
893,40.83,4211.4,2523.56,2.38,0.09,0.17
894,40.84,4211.4,2526.77,2.38,0.05,0.18
895,40.85,4226.0,2535.25,2.39,0.09,0.17
896,44.11,4246.12,2705.18,2.38,0.06,0.17
897,44.13,4336.16,2730.2,2.39,0.06,0.16
898,44.15,4356.99,2695.24,2.38,0.08,0.17
899,44.17,4381.49,2752.34,2.4,0.14,0.16
900,44.2,4636.16,2913.26,2.58,0.08,0.1
901,44.22,4446.67,2776.66,2.41,0.07,0.16
902,44.24,4384.84,2735.34,2.4,0.11,0.16
903,44.26,4411.65,2728.52,2.4,0.14,0.16
904,44.28,4373.66,2719.17,2.45,0.21,0.14
905,44.3,4395.05,2720.41,2.45,0.2,0.14
906,44.31,4411.4,2703.58,2.43,0.23,0.15
907,44.32,4368.58,2682.59,2.45,0.31,0.14
908,44.33,4506.02,2721.66,2.47,0.42,0.14
909,44.34,4657.82,2898.94,2.52,0.1,0.12
910,44.35,4468.32,2837.6,2.43,0.02,0.14
911,44.36,4413.52,2829.09,2.42,0.04,0.15
912,44.37,4571.38,2824.74,2.42,0.03,0.14
913,44.38,4512.36,2834.81,2.42,0.09,0.15
914,44.39,4376.08,2803.13,2.39,0.0,0.16
915,44.4,4538.55,2876.64,2.39,0.0,0.16
916,44.41,4549.51,2869.54,2.39,0.0,0.15
917,44.42,4537.51,2912.92,2.4,0.01,0.15
918,44.43,4615.7,2901.24,2.41,0.0,0.14
919,44.44,4623.02,2877.7,2.42,0.0,0.14
920,44.45,4550.99,2864.1,2.41,0.01,0.15
921,44.46,4458.63,2872.67,2.42,0.03,0.15
922,44.48,4571.62,2871.07,2.4,0.0,0.15
923,44.49,4630.33,2872.43,2.4,0.06,0.15
924,44.5,4600.62,2905.01,2.4,0.0,0.15
925,44.51,4582.89,2904.51,2.41,0.0,0.15
926,44.52,4498.56,2891.23,2.43,0.0,0.14
927,44.53,4582.96,2892.94,2.4,0.0,0.15
928,44.54,4571.98,2916.24,2.44,0.02,0.13
